Northern Flight,Landing Time,Departure Time,Tail Number,Date
FALSE,02/12/2018 19:57,02/12/2018 18:47,966,02/12/2018
FALSE,02/12/2018 19:37,02/12/2018 18:47,830,02/12/2018
TRUE,02/12/2018 22:15,02/12/2018 20:50,921,02/12/2018
TRUE,02/12/2018 21:30,02/12/2018 20:35,832,02/12/2018
FALSE,02/12/2018 23:06,02/12/2018 21:36,812,02/12/2018
TRUE,02/12/2018 22:25,02/12/2018 21:30,832,02/12/2018
FALSE,02/12/2018 17:49,02/12/2018 16:34,966,02/12/2018
FALSE,02/12/2018 16:37,02/12/2018 15:42,804,02/12/2018
FALSE,03/12/2018 11:09,03/12/2018 10:59,924,03/12/2018
FALSE,03/12/2018 12:27,03/12/2018 11:22,842,03/12/2018
FALSE,03/12/2018 11:44,03/12/2018 10:49,961,03/12/2018
TRUE,03/12/2018 18:40,03/12/2018 17:50,921,03/12/2018
TRUE,03/12/2018 18:40,03/12/2018 17:50,832,03/12/2018
FALSE,03/12/2018 20:50,03/12/2018 20:05,905,03/12/2018
FALSE,03/12/2018 21:00,03/12/2018 19:55,842,03/12/2018
FALSE,03/12/2018 19:08,03/12/2018 17:38,961,03/12/2018
FALSE,03/12/2018 18:33,03/12/2018 17:38,842,03/12/2018
FALSE,03/12/2018 19:05,03/12/2018 18:00,905,03/12/2018
FALSE,03/12/2018 20:10,03/12/2018 19:05,905,03/12/2018
FALSE,03/12/2018 20:52,03/12/2018 19:27,966,03/12/2018
FALSE,03/12/2018 16:19,03/12/2018 14:59,961,03/12/2018
FALSE,03/12/2018 16:19,03/12/2018 14:59,842,03/12/2018
FALSE,04/12/2018 11:59,04/12/2018 11:09,812,04/12/2018
FALSE,04/12/2018 19:53,04/12/2018 18:53,935,04/12/2018
FALSE,04/12/2018 21:51,04/12/2018 20:46,820,04/12/2018
FALSE,05/12/2018 9:45,05/12/2018 9:35,815,05/12/2018
FALSE,05/12/2018 13:42,05/12/2018 13:32,845,05/12/2018
FALSE,05/12/2018 15:06,05/12/2018 14:56,845,05/12/2018
FALSE,06/12/2018 10:51,06/12/2018 10:41,938,06/12/2018
FALSE,06/12/2018 11:57,06/12/2018 11:17,801,06/12/2018
TRUE,06/12/2018 19:07,06/12/2018 18:07,812,06/12/2018
TRUE,06/12/2018 19:23,06/12/2018 18:23,806,06/12/2018
FALSE,09/12/2018 11:36,09/12/2018 10:36,820,09/12/2018
TRUE,09/12/2018 13:58,09/12/2018 12:58,935,09/12/2018
TRUE,09/12/2018 13:58,09/12/2018 12:58,806,09/12/2018
FALSE,09/12/2018 13:55,09/12/2018 12:50,905,09/12/2018
FALSE,09/12/2018 13:55,09/12/2018 12:50,801,09/12/2018
FALSE,10/12/2018 16:09,10/12/2018 14:34,820,10/12/2018
FALSE,10/12/2018 14:41,10/12/2018 13:16,815,10/12/2018
FALSE,10/12/2018 14:41,10/12/2018 13:16,832,10/12/2018
FALSE,10/12/2018 18:26,10/12/2018 17:11,938,10/12/2018
FALSE,10/12/2018 18:11,10/12/2018 17:11,820,10/12/2018
FALSE,10/12/2018 18:42,10/12/2018 17:22,842,10/12/2018
FALSE,10/12/2018 18:40,10/12/2018 17:10,832,10/12/2018
FALSE,10/12/2018 20:10,10/12/2018 18:45,804,10/12/2018
FALSE,12/12/2018 13:18,12/12/2018 12:18,961,12/12/2018
FALSE,12/12/2018 15:50,12/12/2018 15:40,845,12/12/2018
FALSE,12/12/2018 15:52,12/12/2018 14:52,961,12/12/2018
FALSE,12/12/2018 16:52,12/12/2018 15:52,961,12/12/2018
FALSE,12/12/2018 16:21,12/12/2018 15:21,938,12/12/2018
FALSE,12/12/2018 19:17,12/12/2018 18:07,921,12/12/2018
FALSE,12/12/2018 19:25,12/12/2018 17:55,938,12/12/2018
FALSE,12/12/2018 19:25,12/12/2018 17:55,961,12/12/2018
FALSE,12/12/2018 20:32,12/12/2018 19:17,921,12/12/2018
FALSE,12/12/2018 20:42,12/12/2018 19:12,832,12/12/2018
FALSE,12/12/2018 20:27,12/12/2018 19:12,956,12/12/2018
FALSE,12/12/2018 20:37,12/12/2018 19:12,842,12/12/2018
FALSE,12/12/2018 20:32,12/12/2018 19:12,834,12/12/2018
FALSE,12/12/2018 20:55,12/12/2018 19:25,938,12/12/2018
FALSE,12/12/2018 20:55,12/12/2018 19:25,961,12/12/2018
FALSE,12/12/2018 22:12,12/12/2018 20:42,832,12/12/2018
FALSE,12/12/2018 21:57,12/12/2018 20:32,834,12/12/2018
FALSE,12/12/2018 21:47,12/12/2018 20:27,956,12/12/2018
FALSE,12/12/2018 22:02,12/12/2018 20:37,842,12/12/2018
FALSE,13/12/2018 9:37,13/12/2018 8:42,845,13/12/2018
FALSE,13/12/2018 16:31,13/12/2018 16:16,845,13/12/2018
FALSE,16/12/2018 16:05,16/12/2018 15:50,842,16/12/2018
FALSE,16/12/2018 15:07,16/12/2018 14:12,804,16/12/2018
FALSE,16/12/2018 15:07,16/12/2018 14:12,815,16/12/2018
FALSE,16/12/2018 16:02,16/12/2018 15:07,815,16/12/2018
FALSE,16/12/2018 16:02,16/12/2018 15:07,804,16/12/2018
FALSE,16/12/2018 20:52,16/12/2018 19:22,842,16/12/2018
FALSE,16/12/2018 20:52,16/12/2018 19:22,832,16/12/2018
FALSE,16/12/2018 22:17,16/12/2018 20:52,832,16/12/2018
FALSE,16/12/2018 22:17,16/12/2018 20:52,842,16/12/2018
FALSE,16/12/2018 18:05,16/12/2018 16:55,815,16/12/2018
FALSE,16/12/2018 18:05,16/12/2018 16:55,804,16/12/2018
FALSE,17/12/2018 14:58,17/12/2018 13:18,834,17/12/2018
FALSE,17/12/2018 12:30,17/12/2018 11:30,834,17/12/2018
FALSE,17/12/2018 14:52,17/12/2018 13:22,961,17/12/2018
FALSE,17/12/2018 17:10,17/12/2018 17:05,812,17/12/2018
FALSE,17/12/2018 18:35,17/12/2018 17:05,804,17/12/2018
FALSE,17/12/2018 19:04,17/12/2018 17:44,815,17/12/2018
FALSE,17/12/2018 20:24,17/12/2018 19:04,815,17/12/2018
FALSE,17/12/2018 22:03,17/12/2018 20:33,938,17/12/2018
FALSE,17/12/2018 22:03,17/12/2018 20:33,905,17/12/2018
FALSE,17/12/2018 21:37,17/12/2018 20:12,961,17/12/2018
FALSE,17/12/2018 22:44,17/12/2018 21:14,967,17/12/2018
FALSE,17/12/2018 17:50,17/12/2018 16:45,834,17/12/2018
FALSE,18/12/2018 0:42,17/12/2018 23:32,804,17/12/2018
FALSE,19/12/2018 12:34,19/12/2018 11:34,967,19/12/2018
FALSE,19/12/2018 13:34,19/12/2018 12:34,967,19/12/2018
FALSE,19/12/2018 16:16,19/12/2018 14:36,842,19/12/2018
FALSE,19/12/2018 16:16,19/12/2018 14:36,967,19/12/2018
FALSE,19/12/2018 16:58,19/12/2018 16:48,804,19/12/2018
FALSE,19/12/2018 18:11,19/12/2018 17:16,842,19/12/2018
FALSE,19/12/2018 18:12,19/12/2018 17:27,967,19/12/2018
FALSE,19/12/2018 20:15,19/12/2018 18:50,967,19/12/2018
FALSE,19/12/2018 20:15,19/12/2018 18:50,842,19/12/2018
FALSE,20/12/2018 10:09,20/12/2018 9:44,832,20/12/2018
FALSE,20/12/2018 15:23,20/12/2018 14:02,834,20/12/2018
FALSE,02/12/2018 19:28,02/12/2018 18:53,812,02/12/2018
FALSE,02/12/2018 21:36,02/12/2018 20:06,812,02/12/2018
FALSE,02/12/2018 23:17,02/12/2018 21:47,815,02/12/2018
FALSE,02/12/2018 23:22,02/12/2018 22:12,830,02/12/2018
FALSE,03/12/2018 14:28,03/12/2018 13:53,924,03/12/2018
FALSE,03/12/2018 14:59,03/12/2018 13:34,961,03/12/2018
FALSE,03/12/2018 14:59,03/12/2018 13:34,842,03/12/2018
TRUE,03/12/2018 16:22,03/12/2018 15:32,921,03/12/2018
TRUE,03/12/2018 16:22,03/12/2018 15:32,832,03/12/2018
FALSE,03/12/2018 12:34,03/12/2018 11:44,961,03/12/2018
FALSE,03/12/2018 19:27,03/12/2018 17:57,966,03/12/2018
FALSE,03/12/2018 12:10,03/12/2018 12:00,924,03/12/2018
TRUE,03/12/2018 17:17,03/12/2018 16:22,921,03/12/2018
TRUE,03/12/2018 17:17,03/12/2018 16:22,832,03/12/2018
TRUE,03/12/2018 19:35,03/12/2018 18:40,832,03/12/2018
TRUE,03/12/2018 19:35,03/12/2018 18:40,921,03/12/2018
FALSE,03/12/2018 21:46,03/12/2018 20:46,830,03/12/2018
FALSE,03/12/2018 20:33,03/12/2018 19:08,961,03/12/2018
FALSE,03/12/2018 19:28,03/12/2018 18:33,842,03/12/2018
FALSE,03/12/2018 22:35,03/12/2018 21:30,842,03/12/2018
FALSE,03/12/2018 23:45,03/12/2018 22:35,842,03/12/2018
FALSE,04/12/2018 10:08,04/12/2018 9:53,935,04/12/2018
FALSE,04/12/2018 14:39,04/12/2018 13:39,832,04/12/2018
FALSE,04/12/2018 15:37,04/12/2018 14:27,905,04/12/2018
FALSE,04/12/2018 17:37,04/12/2018 16:37,921,04/12/2018
FALSE,05/12/2018 11:01,05/12/2018 10:51,815,05/12/2018
FALSE,05/12/2018 12:59,05/12/2018 12:44,842,05/12/2018
FALSE,05/12/2018 13:52,05/12/2018 13:42,842,05/12/2018
FALSE,05/12/2018 16:53,05/12/2018 16:08,801,05/12/2018
FALSE,05/12/2018 18:31,05/12/2018 17:26,834,05/12/2018
FALSE,06/12/2018 12:37,06/12/2018 11:37,938,06/12/2018
TRUE,06/12/2018 20:12,06/12/2018 19:07,806,06/12/2018
TRUE,06/12/2018 20:12,06/12/2018 19:07,812,06/12/2018
FALSE,05/12/2018 15:30,05/12/2018 15:20,845,05/12/2018
FALSE,10/12/2018 14:37,10/12/2018 13:12,804,10/12/2018
FALSE,10/12/2018 16:02,10/12/2018 14:37,804,10/12/2018
FALSE,10/12/2018 18:45,10/12/2018 17:15,804,10/12/2018
FALSE,10/12/2018 20:09,10/12/2018 18:29,966,10/12/2018
FALSE,10/12/2018 20:05,10/12/2018 18:40,832,10/12/2018
FALSE,10/12/2018 20:07,10/12/2018 18:42,842,10/12/2018
FALSE,10/12/2018 19:11,10/12/2018 18:11,820,10/12/2018
FALSE,10/12/2018 20:01,10/12/2018 18:41,938,10/12/2018
FALSE,12/12/2018 12:07,12/12/2018 10:37,938,12/12/2018
FALSE,12/12/2018 15:21,12/12/2018 14:16,938,12/12/2018
FALSE,12/12/2018 14:18,12/12/2018 13:18,961,12/12/2018
FALSE,12/12/2018 13:32,12/12/2018 12:07,938,12/12/2018
FALSE,12/12/2018 18:25,12/12/2018 18:15,956,12/12/2018
FALSE,16/12/2018 10:58,16/12/2018 10:48,830,16/12/2018
FALSE,16/12/2018 20:32,16/12/2018 19:07,935,16/12/2018
FALSE,16/12/2018 20:32,16/12/2018 19:07,806,16/12/2018
FALSE,16/12/2018 19:20,16/12/2018 18:05,815,16/12/2018
FALSE,16/12/2018 19:20,16/12/2018 18:05,804,16/12/2018
FALSE,16/12/2018 21:57,16/12/2018 20:32,935,16/12/2018
FALSE,16/12/2018 21:57,16/12/2018 20:32,806,16/12/2018
FALSE,17/12/2018 11:30,17/12/2018 10:30,834,17/12/2018
FALSE,17/12/2018 17:55,17/12/2018 17:05,961,17/12/2018
FALSE,17/12/2018 16:45,17/12/2018 15:40,834,17/12/2018
FALSE,17/12/2018 16:22,17/12/2018 14:52,961,17/12/2018
FALSE,17/12/2018 20:33,17/12/2018 19:08,905,17/12/2018
FALSE,17/12/2018 20:33,17/12/2018 19:08,938,17/12/2018
FALSE,17/12/2018 23:09,17/12/2018 21:44,815,17/12/2018
FALSE,17/12/2018 22:54,17/12/2018 21:34,804,17/12/2018
FALSE,17/12/2018 20:05,17/12/2018 18:35,804,17/12/2018
FALSE,18/12/2018 10:42,18/12/2018 10:22,935,18/12/2018
FALSE,18/12/2018 0:29,17/12/2018 23:09,815,17/12/2018
FALSE,18/12/2018 16:41,18/12/2018 16:36,834,18/12/2018
FALSE,19/12/2018 20:05,19/12/2018 18:50,804,19/12/2018
FALSE,19/12/2018 20:30,19/12/2018 18:50,815,19/12/2018
FALSE,20/12/2018 10:54,20/12/2018 10:44,801,20/12/2018
FALSE,30/12/2018 18:18,30/12/2018 17:58,804,30/12/2018
FALSE,01/01/2019 17:59,01/01/2019 16:59,967,01/01/2019
FALSE,01/01/2019 18:09,01/01/2019 16:59,905,01/01/2019
FALSE,01/01/2019 18:53,01/01/2019 17:33,815,01/01/2019
FALSE,01/01/2019 18:39,01/01/2019 17:14,921,01/01/2019
FALSE,01/01/2019 16:15,01/01/2019 16:00,837,01/01/2019
FALSE,03/01/2019 11:58,03/01/2019 11:53,806,03/01/2019
FALSE,13/01/2019 20:12,13/01/2019 19:02,905,13/01/2019
FALSE,13/01/2019 20:12,13/01/2019 19:02,820,13/01/2019
FALSE,13/01/2019 20:14,13/01/2019 19:09,967,13/01/2019
FALSE,13/01/2019 20:14,13/01/2019 19:09,845,13/01/2019
FALSE,15/01/2019 12:52,15/01/2019 11:37,834,15/01/2019
FALSE,16/01/2019 12:05,16/01/2019 11:30,815,16/01/2019
FALSE,22/01/2019 12:26,22/01/2019 12:16,956,22/01/2019
FALSE,23/01/2019 21:04,23/01/2019 19:44,837,23/01/2019
FALSE,23/01/2019 20:41,23/01/2019 19:21,842,23/01/2019
TRUE,27/01/2019 12:07,27/01/2019 11:22,806,27/01/2019
TRUE,27/01/2019 12:07,27/01/2019 11:22,845,27/01/2019
FALSE,06/02/2019 15:16,06/02/2019 14:01,830,06/02/2019
FALSE,06/02/2019 15:16,06/02/2019 14:01,966,06/02/2019
FALSE,25/12/2018 20:08,25/12/2018 19:08,815,25/12/2018
FALSE,25/12/2018 20:08,25/12/2018 19:08,967,25/12/2018
FALSE,25/12/2018 19:56,25/12/2018 18:56,961,25/12/2018
FALSE,25/12/2018 19:54,25/12/2018 18:54,905,25/12/2018
FALSE,26/12/2018 11:23,26/12/2018 11:13,806,26/12/2018
FALSE,26/12/2018 12:16,26/12/2018 12:06,806,26/12/2018
FALSE,26/12/2018 12:50,26/12/2018 11:40,966,26/12/2018
FALSE,26/12/2018 12:32,26/12/2018 11:02,905,26/12/2018
FALSE,26/12/2018 13:55,26/12/2018 12:50,966,26/12/2018
FALSE,26/12/2018 14:02,26/12/2018 12:32,905,26/12/2018
FALSE,26/12/2018 16:50,26/12/2018 15:20,966,26/12/2018
FALSE,26/12/2018 17:03,26/12/2018 16:43,812,26/12/2018
FALSE,26/12/2018 20:52,26/12/2018 19:37,967,26/12/2018
FALSE,26/12/2018 20:19,26/12/2018 19:09,921,26/12/2018
FALSE,26/12/2018 20:14,26/12/2018 19:09,961,26/12/2018
FALSE,30/12/2018 14:50,30/12/2018 14:30,845,30/12/2018
FALSE,30/12/2018 21:05,30/12/2018 20:15,812,30/12/2018
FALSE,01/01/2019 12:16,01/01/2019 12:11,938,01/01/2019
FALSE,01/01/2019 16:23,01/01/2019 15:43,806,01/01/2019
FALSE,01/01/2019 16:04,01/01/2019 15:19,815,01/01/2019
FALSE,01/01/2019 16:04,01/01/2019 15:19,812,01/01/2019
FALSE,01/01/2019 14:41,01/01/2019 13:11,812,01/01/2019
FALSE,01/01/2019 14:41,01/01/2019 13:11,815,01/01/2019
FALSE,02/01/2019 10:56,02/01/2019 10:46,830,02/01/2019
FALSE,03/01/2019 9:48,03/01/2019 9:43,820,03/01/2019
FALSE,03/01/2019 13:26,03/01/2019 13:16,806,03/01/2019
FALSE,03/01/2019 16:57,03/01/2019 16:47,806,03/01/2019
FALSE,04/01/2019 10:14,04/01/2019 10:04,966,04/01/2019
FALSE,04/01/2019 11:28,04/01/2019 11:13,820,04/01/2019
FALSE,07/01/2019 7:40,07/01/2019 7:30,820,07/01/2019
FALSE,07/01/2019 11:42,07/01/2019 10:47,815,07/01/2019
FALSE,07/01/2019 11:42,07/01/2019 10:47,938,07/01/2019
FALSE,07/01/2019 11:47,07/01/2019 10:47,921,07/01/2019
FALSE,07/01/2019 11:34,07/01/2019 10:34,830,07/01/2019
FALSE,07/01/2019 13:26,07/01/2019 12:46,830,07/01/2019
FALSE,09/01/2019 14:23,09/01/2019 13:08,905,09/01/2019
FALSE,09/01/2019 19:05,09/01/2019 17:45,801,09/01/2019
FALSE,13/01/2019 20:27,13/01/2019 19:22,812,13/01/2019
FALSE,13/01/2019 20:27,13/01/2019 19:22,966,13/01/2019
FALSE,13/01/2019 22:25,13/01/2019 20:55,967,13/01/2019
FALSE,13/01/2019 22:25,13/01/2019 20:55,845,13/01/2019
FALSE,15/01/2019 12:17,15/01/2019 12:07,842,15/01/2019
FALSE,15/01/2019 13:04,15/01/2019 12:04,921,15/01/2019
FALSE,15/01/2019 15:38,15/01/2019 15:28,842,15/01/2019
FALSE,15/01/2019 15:47,15/01/2019 14:47,921,15/01/2019
FALSE,15/01/2019 16:00,15/01/2019 15:00,966,15/01/2019
FALSE,15/01/2019 19:01,15/01/2019 17:36,830,15/01/2019
FALSE,15/01/2019 19:01,15/01/2019 17:36,845,15/01/2019
FALSE,15/01/2019 20:31,15/01/2019 18:56,921,15/01/2019
FALSE,15/01/2019 20:26,15/01/2019 18:56,935,15/01/2019
FALSE,15/01/2019 14:04,15/01/2019 13:04,921,15/01/2019
FALSE,15/01/2019 22:15,15/01/2019 21:05,921,15/01/2019
FALSE,15/01/2019 22:15,15/01/2019 21:05,935,15/01/2019
FALSE,16/01/2019 11:57,16/01/2019 10:27,830,16/01/2019
FALSE,16/01/2019 12:07,16/01/2019 10:27,801,16/01/2019
FALSE,15/01/2019 20:26,15/01/2019 19:01,830,15/01/2019
FALSE,15/01/2019 20:26,15/01/2019 19:01,845,15/01/2019
TRUE,20/01/2019 11:15,20/01/2019 10:30,845,20/01/2019
TRUE,20/01/2019 11:15,20/01/2019 10:30,812,20/01/2019
FALSE,22/01/2019 11:33,22/01/2019 11:28,956,22/01/2019
FALSE,22/01/2019 15:10,22/01/2019 14:35,837,22/01/2019
FALSE,22/01/2019 15:39,22/01/2019 15:29,804,22/01/2019
FALSE,21/01/2019 23:08,21/01/2019 22:03,842,21/01/2019
FALSE,21/01/2019 23:12,21/01/2019 22:07,905,21/01/2019
FALSE,22/01/2019 16:40,22/01/2019 16:30,804,22/01/2019
FALSE,23/01/2019 11:07,23/01/2019 10:37,804,23/01/2019
FALSE,23/01/2019 12:51,23/01/2019 12:11,967,23/01/2019
FALSE,23/01/2019 14:33,23/01/2019 13:53,905,23/01/2019
FALSE,24/01/2019 12:28,24/01/2019 11:38,804,24/01/2019
FALSE,24/01/2019 12:23,24/01/2019 11:23,815,24/01/2019
TRUE,24/01/2019 19:48,24/01/2019 19:03,812,24/01/2019
TRUE,24/01/2019 20:55,24/01/2019 20:15,845,24/01/2019
TRUE,27/01/2019 11:22,27/01/2019 10:32,806,27/01/2019
TRUE,27/01/2019 11:22,27/01/2019 10:32,845,27/01/2019
FALSE,28/01/2019 20:57,28/01/2019 19:42,921,28/01/2019
FALSE,28/01/2019 16:16,28/01/2019 15:16,921,28/01/2019
FALSE,28/01/2019 16:11,28/01/2019 15:16,804,28/01/2019
FALSE,28/01/2019 19:27,28/01/2019 18:17,921,28/01/2019
FALSE,29/01/2019 14:56,29/01/2019 14:51,966,29/01/2019
TRUE,29/01/2019 18:30,29/01/2019 17:15,845,29/01/2019
FALSE,29/01/2019 19:34,29/01/2019 18:39,938,29/01/2019
FALSE,29/01/2019 19:34,29/01/2019 18:39,804,29/01/2019
FALSE,29/01/2019 19:55,29/01/2019 18:40,842,29/01/2019
FALSE,29/01/2019 19:55,29/01/2019 18:40,837,29/01/2019
FALSE,30/01/2019 19:48,30/01/2019 19:08,905,30/01/2019
FALSE,30/01/2019 20:16,30/01/2019 19:01,966,30/01/2019
FALSE,30/01/2019 20:07,30/01/2019 18:47,842,30/01/2019
TRUE,31/01/2019 20:00,31/01/2019 18:55,806,31/01/2019
TRUE,31/01/2019 20:00,31/01/2019 18:55,845,31/01/2019
TRUE,04/02/2019 20:46,04/02/2019 20:01,820,04/02/2019
FALSE,20/12/2018 0:25,19/12/2018 23:20,905,19/12/2018
FALSE,25/12/2018 22:43,25/12/2018 21:38,961,25/12/2018
FALSE,25/12/2018 22:42,25/12/2018 21:37,905,25/12/2018
FALSE,25/12/2018 22:48,25/12/2018 21:43,815,25/12/2018
FALSE,25/12/2018 22:51,25/12/2018 21:41,967,25/12/2018
FALSE,26/12/2018 15:55,26/12/2018 15:45,812,26/12/2018
FALSE,26/12/2018 16:58,26/12/2018 16:48,806,26/12/2018
FALSE,27/12/2018 14:04,27/12/2018 13:59,812,27/12/2018
FALSE,30/12/2018 18:20,30/12/2018 17:20,812,30/12/2018
FALSE,30/12/2018 19:29,30/12/2018 18:59,801,30/12/2018
FALSE,30/12/2018 19:39,30/12/2018 19:29,832,30/12/2018
FALSE,30/12/2018 19:15,30/12/2018 18:20,812,30/12/2018
FALSE,30/12/2018 19:45,30/12/2018 19:15,812,30/12/2018
FALSE,31/12/2018 18:50,31/12/2018 17:25,966,31/12/2018
FALSE,31/12/2018 18:46,31/12/2018 17:31,832,31/12/2018
FALSE,01/01/2019 13:11,01/01/2019 11:41,815,01/01/2019
FALSE,01/01/2019 13:11,01/01/2019 11:41,812,01/01/2019
FALSE,01/01/2019 14:11,01/01/2019 13:56,837,01/01/2019
FALSE,01/01/2019 14:42,01/01/2019 13:17,845,01/01/2019
FALSE,01/01/2019 18:04,01/01/2019 17:19,806,01/01/2019
FALSE,01/01/2019 20:54,01/01/2019 19:24,812,01/01/2019
FALSE,01/01/2019 20:54,01/01/2019 19:24,935,01/01/2019
FALSE,01/01/2019 22:44,01/01/2019 21:44,961,01/01/2019
FALSE,02/01/2019 14:48,02/01/2019 14:28,956,02/01/2019
FALSE,02/01/2019 16:25,02/01/2019 16:15,830,02/01/2019
FALSE,07/01/2019 11:46,07/01/2019 10:36,961,07/01/2019
FALSE,07/01/2019 11:46,07/01/2019 10:36,967,07/01/2019
FALSE,07/01/2019 11:47,07/01/2019 10:42,956,07/01/2019
FALSE,07/01/2019 11:47,07/01/2019 10:42,935,07/01/2019
FALSE,07/01/2019 13:15,07/01/2019 12:45,961,07/01/2019
FALSE,07/01/2019 13:29,07/01/2019 12:29,967,07/01/2019
FALSE,07/01/2019 13:30,07/01/2019 12:25,956,07/01/2019
FALSE,07/01/2019 13:25,07/01/2019 12:25,935,07/01/2019
FALSE,07/01/2019 20:05,07/01/2019 18:40,935,07/01/2019
FALSE,07/01/2019 20:05,07/01/2019 18:40,967,07/01/2019
FALSE,07/01/2019 21:00,07/01/2019 19:35,966,07/01/2019
FALSE,07/01/2019 21:00,07/01/2019 19:35,961,07/01/2019
FALSE,07/01/2019 12:00,07/01/2019 11:15,966,07/01/2019
FALSE,09/01/2019 12:46,09/01/2019 11:46,820,09/01/2019
FALSE,09/01/2019 14:14,09/01/2019 13:14,820,09/01/2019
FALSE,09/01/2019 22:18,09/01/2019 21:08,935,09/01/2019
FALSE,09/01/2019 22:18,09/01/2019 21:08,801,09/01/2019
FALSE,09/01/2019 23:23,09/01/2019 22:18,935,09/01/2019
FALSE,09/01/2019 23:23,09/01/2019 22:18,801,09/01/2019
FALSE,09/01/2019 20:25,09/01/2019 19:05,801,09/01/2019
FALSE,13/01/2019 13:31,13/01/2019 12:51,905,13/01/2019
FALSE,13/01/2019 21:45,13/01/2019 20:45,905,13/01/2019
FALSE,13/01/2019 21:45,13/01/2019 20:45,820,13/01/2019
FALSE,13/01/2019 22:33,13/01/2019 21:08,812,13/01/2019
FALSE,13/01/2019 22:33,13/01/2019 21:08,966,13/01/2019
FALSE,21/01/2019 15:55,21/01/2019 15:10,961,21/01/2019
FALSE,21/01/2019 20:39,21/01/2019 19:44,815,21/01/2019
FALSE,21/01/2019 19:14,21/01/2019 18:14,801,21/01/2019
FALSE,21/01/2019 19:07,21/01/2019 18:22,815,21/01/2019
FALSE,23/01/2019 12:15,23/01/2019 12:05,804,23/01/2019
FALSE,23/01/2019 13:16,23/01/2019 12:36,905,23/01/2019
FALSE,23/01/2019 14:36,23/01/2019 13:16,801,23/01/2019
TRUE,23/01/2019 17:11,23/01/2019 16:11,820,23/01/2019
TRUE,23/01/2019 17:11,23/01/2019 16:11,845,23/01/2019
FALSE,23/01/2019 19:50,23/01/2019 18:40,815,23/01/2019
FALSE,23/01/2019 19:40,23/01/2019 18:20,967,23/01/2019
FALSE,23/01/2019 19:40,23/01/2019 18:20,966,23/01/2019
FALSE,23/01/2019 19:21,23/01/2019 18:01,842,23/01/2019
FALSE,23/01/2019 19:44,23/01/2019 18:24,837,23/01/2019
FALSE,23/01/2019 21:05,23/01/2019 19:40,966,23/01/2019
FALSE,23/01/2019 21:05,23/01/2019 19:40,967,23/01/2019
FALSE,23/01/2019 15:51,23/01/2019 14:36,801,23/01/2019
TRUE,24/01/2019 15:42,24/01/2019 14:42,812,24/01/2019
TRUE,24/01/2019 15:42,24/01/2019 14:42,845,24/01/2019
TRUE,24/01/2019 16:52,24/01/2019 15:42,845,24/01/2019
TRUE,24/01/2019 16:52,24/01/2019 15:42,812,24/01/2019
TRUE,27/01/2019 18:44,27/01/2019 17:44,812,27/01/2019
TRUE,27/01/2019 18:44,27/01/2019 17:44,845,27/01/2019
TRUE,28/01/2019 15:58,28/01/2019 15:13,812,28/01/2019
TRUE,28/01/2019 15:58,28/01/2019 15:13,845,28/01/2019
FALSE,28/01/2019 18:16,28/01/2019 17:16,956,28/01/2019
FALSE,28/01/2019 18:56,28/01/2019 17:16,966,28/01/2019
FALSE,29/01/2019 15:35,29/01/2019 15:30,966,29/01/2019
TRUE,28/01/2019 16:43,28/01/2019 15:58,845,28/01/2019
TRUE,28/01/2019 16:43,28/01/2019 15:58,812,28/01/2019
FALSE,29/01/2019 20:49,29/01/2019 19:59,938,29/01/2019
FALSE,29/01/2019 20:49,29/01/2019 19:59,804,29/01/2019
FALSE,29/01/2019 20:59,29/01/2019 20:14,956,29/01/2019
FALSE,29/01/2019 20:59,29/01/2019 20:14,966,29/01/2019
TRUE,30/01/2019 19:30,30/01/2019 18:30,820,30/01/2019
TRUE,30/01/2019 19:22,30/01/2019 18:12,806,30/01/2019
FALSE,30/01/2019 20:28,30/01/2019 19:48,905,30/01/2019
FALSE,31/01/2019 11:09,31/01/2019 9:59,812,31/01/2019
FALSE,31/01/2019 13:37,31/01/2019 13:22,967,31/01/2019
TRUE,01/02/2019 11:05,01/02/2019 10:05,820,01/02/2019
TRUE,01/02/2019 10:55,01/02/2019 10:05,845,01/02/2019
TRUE,03/02/2019 15:44,03/02/2019 14:34,935,03/02/2019
TRUE,03/02/2019 15:44,03/02/2019 14:34,820,03/02/2019
FALSE,03/02/2019 15:40,03/02/2019 14:30,815,03/02/2019
FALSE,03/02/2019 15:40,03/02/2019 14:30,967,03/02/2019
FALSE,03/02/2019 16:50,03/02/2019 15:40,967,03/02/2019
FALSE,03/02/2019 16:50,03/02/2019 15:40,815,03/02/2019
FALSE,04/02/2019 15:20,04/02/2019 14:00,967,04/02/2019
FALSE,04/02/2019 15:20,04/02/2019 14:00,830,04/02/2019
FALSE,04/02/2019 16:52,04/02/2019 15:37,956,04/02/2019
FALSE,04/02/2019 16:47,04/02/2019 15:37,966,04/02/2019
TRUE,04/02/2019 21:01,04/02/2019 19:51,905,04/02/2019
TRUE,04/02/2019 19:35,04/02/2019 18:50,820,04/02/2019
FALSE,02/12/2018 10:52,02/12/2018 10:37,961,02/12/2018
FALSE,02/12/2018 10:59,02/12/2018 10:39,956,02/12/2018
FALSE,02/12/2018 14:19,02/12/2018 14:09,961,02/12/2018
FALSE,02/12/2018 15:42,02/12/2018 14:47,804,02/12/2018
FALSE,02/12/2018 16:34,02/12/2018 15:14,966,02/12/2018
FALSE,02/12/2018 19:47,02/12/2018 19:02,905,02/12/2018
FALSE,02/12/2018 21:02,02/12/2018 19:57,966,02/12/2018
FALSE,02/12/2018 20:37,02/12/2018 19:37,830,02/12/2018
FALSE,02/12/2018 22:07,02/12/2018 21:02,830,02/12/2018
FALSE,02/12/2018 21:47,02/12/2018 20:17,815,02/12/2018
FALSE,06/12/2018 14:57,06/12/2018 14:47,842,06/12/2018
FALSE,09/12/2018 14:27,09/12/2018 13:22,830,09/12/2018
FALSE,09/12/2018 14:27,09/12/2018 13:22,812,09/12/2018
FALSE,10/12/2018 13:54,10/12/2018 13:09,820,10/12/2018
FALSE,10/12/2018 16:06,10/12/2018 14:41,815,10/12/2018
FALSE,10/12/2018 16:06,10/12/2018 14:41,832,10/12/2018
FALSE,16/12/2018 20:40,16/12/2018 19:45,815,16/12/2018
FALSE,16/12/2018 20:40,16/12/2018 19:45,804,16/12/2018
FALSE,17/12/2018 20:12,17/12/2018 18:47,961,17/12/2018
FALSE,17/12/2018 21:14,17/12/2018 19:49,967,17/12/2018
FALSE,19/12/2018 12:39,19/12/2018 11:09,905,19/12/2018
FALSE,19/12/2018 19:30,19/12/2018 18:45,905,19/12/2018
FALSE,19/12/2018 19:25,19/12/2018 18:40,806,19/12/2018
FALSE,19/12/2018 23:20,19/12/2018 22:15,905,19/12/2018
FALSE,19/12/2018 20:35,19/12/2018 19:30,905,19/12/2018
FALSE,19/12/2018 20:30,19/12/2018 19:25,806,19/12/2018
FALSE,19/12/2018 21:40,19/12/2018 20:30,806,19/12/2018
FALSE,19/12/2018 21:45,19/12/2018 20:35,905,19/12/2018
FALSE,19/12/2018 21:40,19/12/2018 20:15,967,19/12/2018
FALSE,19/12/2018 21:40,19/12/2018 20:15,842,19/12/2018
FALSE,30/12/2018 20:29,30/12/2018 19:34,905,30/12/2018
FALSE,30/12/2018 20:49,30/12/2018 19:49,820,30/12/2018
FALSE,01/01/2019 13:28,01/01/2019 13:13,837,01/01/2019
FALSE,01/01/2019 15:32,01/01/2019 15:02,837,01/01/2019
FALSE,01/01/2019 13:17,01/01/2019 11:47,845,01/01/2019
FALSE,01/01/2019 19:24,01/01/2019 17:59,935,01/01/2019
FALSE,01/01/2019 19:24,01/01/2019 17:59,812,01/01/2019
FALSE,01/01/2019 19:19,01/01/2019 18:09,905,01/01/2019
FALSE,01/01/2019 18:59,01/01/2019 17:59,967,01/01/2019
FALSE,02/01/2019 11:48,02/01/2019 11:38,938,02/01/2019
FALSE,03/01/2019 10:21,03/01/2019 10:06,845,03/01/2019
FALSE,03/01/2019 16:46,03/01/2019 16:36,938,03/01/2019
FALSE,04/01/2019 12:18,04/01/2019 12:08,820,04/01/2019
FALSE,04/01/2019 13:34,04/01/2019 13:24,820,04/01/2019
FALSE,07/01/2019 20:34,07/01/2019 19:04,938,07/01/2019
FALSE,07/01/2019 20:34,07/01/2019 19:04,812,07/01/2019
FALSE,07/01/2019 21:45,07/01/2019 20:45,820,07/01/2019
FALSE,09/01/2019 18:56,09/01/2019 17:51,905,09/01/2019
FALSE,09/01/2019 18:52,09/01/2019 17:37,820,09/01/2019
FALSE,09/01/2019 18:57,09/01/2019 17:37,935,09/01/2019
FALSE,09/01/2019 19:19,09/01/2019 18:19,966,09/01/2019
FALSE,09/01/2019 20:56,09/01/2019 19:26,905,09/01/2019
FALSE,09/01/2019 20:41,09/01/2019 19:26,820,09/01/2019
FALSE,13/01/2019 12:12,13/01/2019 11:37,905,13/01/2019
FALSE,15/01/2019 13:45,15/01/2019 13:00,966,15/01/2019
TRUE,20/01/2019 12:00,20/01/2019 11:15,812,20/01/2019
TRUE,20/01/2019 12:00,20/01/2019 11:15,845,20/01/2019
FALSE,21/01/2019 18:30,21/01/2019 17:00,905,21/01/2019
FALSE,21/01/2019 18:28,21/01/2019 16:58,842,21/01/2019
FALSE,22/01/2019 13:52,22/01/2019 13:42,804,22/01/2019
FALSE,22/01/2019 16:45,22/01/2019 16:35,956,22/01/2019
FALSE,23/01/2019 21:00,23/01/2019 19:50,815,23/01/2019
FALSE,29/01/2019 17:40,29/01/2019 17:35,938,29/01/2019
TRUE,29/01/2019 20:14,29/01/2019 19:24,806,29/01/2019
FALSE,29/01/2019 20:14,29/01/2019 19:29,956,29/01/2019
FALSE,29/01/2019 20:14,29/01/2019 19:29,966,29/01/2019
TRUE,30/01/2019 16:35,30/01/2019 15:45,935,30/01/2019
TRUE,30/01/2019 16:35,30/01/2019 15:45,820,30/01/2019
FALSE,30/01/2019 18:47,30/01/2019 17:27,842,30/01/2019
FALSE,30/01/2019 19:01,30/01/2019 17:46,966,30/01/2019
FALSE,30/01/2019 20:18,30/01/2019 19:08,815,30/01/2019
FALSE,30/01/2019 18:24,30/01/2019 17:44,905,30/01/2019
FALSE,30/01/2019 20:26,30/01/2019 19:41,938,30/01/2019
FALSE,30/01/2019 20:52,30/01/2019 19:47,804,30/01/2019
TRUE,30/01/2019 17:30,30/01/2019 16:35,820,30/01/2019
TRUE,30/01/2019 17:30,30/01/2019 16:35,935,30/01/2019
TRUE,01/02/2019 12:32,01/02/2019 12:27,820,01/02/2019
TRUE,01/02/2019 12:52,01/02/2019 12:27,845,01/02/2019
TRUE,31/01/2019 18:19,31/01/2019 17:29,845,31/01/2019
TRUE,31/01/2019 18:19,31/01/2019 17:29,806,31/01/2019
FALSE,03/02/2019 13:35,03/02/2019 12:15,967,03/02/2019
FALSE,03/02/2019 13:35,03/02/2019 12:15,815,03/02/2019
FALSE,03/02/2019 13:54,03/02/2019 12:44,842,03/02/2019
TRUE,01/02/2019 12:05,01/02/2019 11:05,820,01/02/2019
TRUE,01/02/2019 11:45,01/02/2019 10:55,845,01/02/2019
FALSE,03/02/2019 16:50,03/02/2019 15:35,842,03/02/2019
FALSE,04/02/2019 11:29,04/02/2019 11:14,830,04/02/2019
FALSE,04/02/2019 16:49,04/02/2019 16:34,845,04/02/2019
FALSE,05/02/2019 0:20,04/02/2019 23:35,956,04/02/2019
FALSE,05/02/2019 0:20,04/02/2019 23:35,830,04/02/2019
FALSE,04/02/2019 19:00,04/02/2019 18:10,966,04/02/2019
FALSE,04/02/2019 19:25,04/02/2019 18:10,956,04/02/2019
FALSE,04/02/2019 20:45,04/02/2019 19:25,956,04/02/2019
FALSE,04/02/2019 19:50,04/02/2019 19:00,966,04/02/2019
TRUE,18/02/2019 16:10,18/02/2019 16:00,845,18/02/2019
FALSE,20/02/2019 0:18,19/02/2019 23:48,812,19/02/2019
FALSE,21/02/2019 11:21,21/02/2019 10:51,966,21/02/2019
TRUE,27/02/2019 19:07,27/02/2019 18:27,961,27/02/2019
FALSE,07/01/2019 11:23,07/01/2019 10:43,905,07/01/2019
FALSE,07/01/2019 11:24,07/01/2019 10:29,806,07/01/2019
FALSE,07/01/2019 11:24,07/01/2019 10:29,801,07/01/2019
FALSE,07/01/2019 11:24,07/01/2019 10:29,812,07/01/2019
FALSE,07/01/2019 13:08,07/01/2019 12:08,806,07/01/2019
FALSE,07/01/2019 13:08,07/01/2019 12:08,905,07/01/2019
FALSE,07/01/2019 13:06,07/01/2019 12:06,812,07/01/2019
FALSE,07/01/2019 13:01,07/01/2019 12:06,801,07/01/2019
FALSE,09/01/2019 16:00,09/01/2019 15:45,837,09/01/2019
FALSE,09/01/2019 20:19,09/01/2019 19:19,966,09/01/2019
FALSE,09/01/2019 20:22,09/01/2019 18:57,935,09/01/2019
FALSE,13/01/2019 11:37,13/01/2019 11:22,842,13/01/2019
FALSE,16/01/2019 11:18,16/01/2019 10:43,815,16/01/2019
FALSE,20/01/2019 12:25,20/01/2019 12:15,804,20/01/2019
FALSE,20/01/2019 16:18,20/01/2019 16:08,842,20/01/2019
FALSE,20/01/2019 17:17,20/01/2019 17:07,804,20/01/2019
FALSE,15/01/2019 14:30,15/01/2019 13:45,966,15/01/2019
FALSE,28/01/2019 19:11,28/01/2019 18:16,956,28/01/2019
FALSE,28/01/2019 20:31,28/01/2019 18:56,966,28/01/2019
FALSE,28/01/2019 20:25,28/01/2019 20:00,938,28/01/2019
FALSE,31/01/2019 15:35,31/01/2019 14:25,905,31/01/2019
FALSE,04/02/2019 17:45,04/02/2019 17:20,845,04/02/2019
FALSE,05/02/2019 12:42,05/02/2019 12:27,845,05/02/2019
TRUE,05/02/2019 16:37,05/02/2019 15:37,820,05/02/2019
FALSE,06/02/2019 18:59,06/02/2019 17:59,804,06/02/2019
FALSE,06/02/2019 18:59,06/02/2019 17:59,815,06/02/2019
FALSE,06/02/2019 19:01,06/02/2019 17:41,830,06/02/2019
FALSE,06/02/2019 19:01,06/02/2019 17:41,966,06/02/2019
TRUE,06/02/2019 21:06,06/02/2019 19:56,845,06/02/2019
TRUE,06/02/2019 21:01,06/02/2019 19:56,905,06/02/2019
FALSE,06/02/2019 19:44,06/02/2019 18:24,967,06/02/2019
FALSE,06/02/2019 19:44,06/02/2019 18:24,938,06/02/2019
FALSE,06/02/2019 23:20,06/02/2019 21:55,967,06/02/2019
FALSE,06/02/2019 23:25,06/02/2019 21:55,938,06/02/2019
FALSE,06/02/2019 16:23,06/02/2019 15:23,804,06/02/2019
FALSE,06/02/2019 16:23,06/02/2019 15:23,815,06/02/2019
FALSE,06/02/2019 20:09,06/02/2019 18:59,815,06/02/2019
FALSE,06/02/2019 20:09,06/02/2019 18:59,804,06/02/2019
FALSE,06/02/2019 16:16,06/02/2019 15:16,830,06/02/2019
FALSE,06/02/2019 16:16,06/02/2019 15:16,966,06/02/2019
FALSE,06/02/2019 20:11,06/02/2019 19:01,966,06/02/2019
FALSE,06/02/2019 20:26,06/02/2019 19:01,830,06/02/2019
TRUE,05/02/2019 19:38,05/02/2019 18:53,820,05/02/2019
TRUE,05/02/2019 19:43,05/02/2019 18:58,905,05/02/2019
FALSE,10/02/2019 16:50,10/02/2019 15:50,956,10/02/2019
FALSE,11/02/2019 16:14,11/02/2019 15:14,938,11/02/2019
FALSE,11/02/2019 16:14,11/02/2019 15:14,967,11/02/2019
TRUE,12/02/2019 19:35,12/02/2019 18:50,905,12/02/2019
FALSE,13/02/2019 12:05,13/02/2019 11:25,961,13/02/2019
FALSE,13/02/2019 13:42,13/02/2019 13:32,828,13/02/2019
FALSE,13/02/2019 15:18,13/02/2019 14:43,812,13/02/2019
FALSE,13/02/2019 18:47,13/02/2019 17:37,812,13/02/2019
FALSE,13/02/2019 19:45,13/02/2019 19:00,938,13/02/2019
FALSE,13/02/2019 19:50,13/02/2019 19:00,812,13/02/2019
FALSE,13/02/2019 20:50,13/02/2019 19:50,812,13/02/2019
FALSE,13/02/2019 20:31,13/02/2019 19:46,938,13/02/2019
TRUE,13/02/2019 18:20,13/02/2019 17:30,806,13/02/2019
TRUE,13/02/2019 18:20,13/02/2019 17:30,820,13/02/2019
FALSE,19/02/2019 11:20,19/02/2019 10:30,801,19/02/2019
TRUE,19/02/2019 19:17,19/02/2019 18:32,820,19/02/2019
TRUE,19/02/2019 19:00,19/02/2019 18:30,845,19/02/2019
FALSE,19/02/2019 17:44,19/02/2019 16:49,801,19/02/2019
FALSE,19/02/2019 17:44,19/02/2019 16:49,938,19/02/2019
FALSE,19/02/2019 20:51,19/02/2019 19:51,812,19/02/2019
FALSE,19/02/2019 20:51,19/02/2019 19:51,830,19/02/2019
FALSE,20/02/2019 20:32,20/02/2019 20:17,966,20/02/2019
FALSE,21/02/2019 13:59,21/02/2019 13:49,840,21/02/2019
FALSE,21/02/2019 20:38,21/02/2019 19:28,815,21/02/2019
FALSE,22/02/2019 9:29,22/02/2019 9:19,837,22/02/2019
FALSE,25/02/2019 12:09,25/02/2019 11:59,828,25/02/2019
FALSE,27/02/2019 14:28,27/02/2019 13:58,966,27/02/2019
TRUE,27/02/2019 19:52,27/02/2019 19:07,961,27/02/2019
FALSE,28/02/2019 12:15,28/02/2019 12:00,845,28/02/2019
FALSE,19/12/2018 22:55,19/12/2018 21:40,842,19/12/2018
FALSE,19/12/2018 22:55,19/12/2018 21:40,967,19/12/2018
FALSE,25/12/2018 17:09,25/12/2018 15:44,905,25/12/2018
FALSE,26/12/2018 14:45,26/12/2018 14:35,812,26/12/2018
FALSE,26/12/2018 19:55,26/12/2018 19:00,820,26/12/2018
FALSE,26/12/2018 19:38,26/12/2018 18:33,966,26/12/2018
FALSE,26/12/2018 19:37,26/12/2018 18:22,967,26/12/2018
FALSE,26/12/2018 19:09,26/12/2018 17:59,921,26/12/2018
FALSE,26/12/2018 19:09,26/12/2018 17:59,961,26/12/2018
FALSE,26/12/2018 20:43,26/12/2018 19:38,966,26/12/2018
FALSE,26/12/2018 20:50,26/12/2018 19:55,820,26/12/2018
FALSE,30/12/2018 14:17,30/12/2018 13:57,832,30/12/2018
FALSE,30/12/2018 13:07,30/12/2018 11:52,905,30/12/2018
FALSE,30/12/2018 13:07,30/12/2018 11:52,820,30/12/2018
FALSE,30/12/2018 16:14,30/12/2018 14:54,905,30/12/2018
FALSE,30/12/2018 16:14,30/12/2018 14:54,820,30/12/2018
FALSE,30/12/2018 14:22,30/12/2018 13:07,820,30/12/2018
FALSE,30/12/2018 14:22,30/12/2018 13:07,905,30/12/2018
FALSE,30/12/2018 18:07,30/12/2018 17:27,905,30/12/2018
FALSE,30/12/2018 18:02,30/12/2018 17:42,820,30/12/2018
FALSE,30/12/2018 19:34,30/12/2018 18:44,905,30/12/2018
FALSE,30/12/2018 19:49,30/12/2018 18:44,820,30/12/2018
FALSE,31/12/2018 17:16,31/12/2018 16:06,845,31/12/2018
FALSE,30/12/2018 20:42,30/12/2018 20:12,801,30/12/2018
FALSE,01/01/2019 19:49,01/01/2019 18:44,806,01/01/2019
FALSE,01/01/2019 21:44,01/01/2019 20:44,961,01/01/2019
FALSE,01/01/2019 20:59,01/01/2019 19:49,806,01/01/2019
FALSE,01/01/2019 20:09,01/01/2019 18:39,921,01/01/2019
FALSE,01/01/2019 20:13,01/01/2019 18:53,815,01/01/2019
FALSE,04/01/2019 11:59,04/01/2019 11:49,966,04/01/2019
FALSE,07/01/2019 13:11,07/01/2019 12:26,966,07/01/2019
FALSE,13/01/2019 15:23,13/01/2019 14:43,905,13/01/2019
FALSE,20/01/2019 13:14,20/01/2019 12:14,806,20/01/2019
FALSE,20/01/2019 13:14,20/01/2019 12:14,935,20/01/2019
FALSE,21/01/2019 15:06,21/01/2019 14:56,830,21/01/2019
FALSE,21/01/2019 15:10,21/01/2019 14:25,961,21/01/2019
FALSE,21/01/2019 18:22,21/01/2019 17:32,815,21/01/2019
FALSE,21/01/2019 18:14,21/01/2019 17:04,801,21/01/2019
FALSE,21/01/2019 20:00,21/01/2019 18:30,905,21/01/2019
FALSE,21/01/2019 19:58,21/01/2019 18:28,842,21/01/2019
FALSE,21/01/2019 22:06,21/01/2019 20:56,905,21/01/2019
FALSE,21/01/2019 22:02,21/01/2019 20:57,842,21/01/2019
FALSE,22/01/2019 13:09,22/01/2019 13:04,956,22/01/2019
FALSE,23/01/2019 15:27,23/01/2019 14:52,842,23/01/2019
TRUE,23/01/2019 19:31,23/01/2019 18:46,820,23/01/2019
FALSE,28/01/2019 15:33,28/01/2019 14:23,905,28/01/2019
FALSE,28/01/2019 16:16,28/01/2019 15:41,842,28/01/2019
TRUE,28/01/2019 18:35,28/01/2019 17:30,812,28/01/2019
FALSE,28/01/2019 21:24,28/01/2019 20:39,961,28/01/2019
FALSE,29/01/2019 17:59,29/01/2019 17:54,804,29/01/2019
FALSE,29/01/2019 18:30,29/01/2019 17:40,956,29/01/2019
FALSE,29/01/2019 18:30,29/01/2019 17:40,966,29/01/2019
FALSE,29/01/2019 18:40,29/01/2019 17:30,842,29/01/2019
FALSE,29/01/2019 18:40,29/01/2019 17:30,837,29/01/2019
FALSE,29/01/2019 20:36,29/01/2019 20:31,842,29/01/2019
FALSE,29/01/2019 20:36,29/01/2019 20:31,837,29/01/2019
FALSE,30/01/2019 15:20,30/01/2019 14:20,842,30/01/2019
FALSE,30/01/2019 15:20,30/01/2019 14:20,966,30/01/2019
FALSE,30/01/2019 18:44,30/01/2019 18:19,801,30/01/2019
FALSE,03/02/2019 15:35,03/02/2019 14:20,842,03/02/2019
TRUE,03/02/2019 16:54,03/02/2019 15:44,935,03/02/2019
TRUE,03/02/2019 16:54,03/02/2019 15:44,820,03/02/2019
FALSE,04/02/2019 21:50,04/02/2019 20:40,966,04/02/2019
FALSE,04/02/2019 21:13,04/02/2019 19:53,801,04/02/2019
FALSE,04/02/2019 16:45,04/02/2019 15:20,967,04/02/2019
FALSE,04/02/2019 16:45,04/02/2019 15:20,830,04/02/2019
FALSE,04/02/2019 19:20,04/02/2019 18:00,830,04/02/2019
FALSE,04/02/2019 19:20,04/02/2019 18:00,967,04/02/2019
FALSE,04/02/2019 20:45,04/02/2019 19:20,967,04/02/2019
FALSE,04/02/2019 20:45,04/02/2019 19:20,830,04/02/2019
FALSE,07/02/2019 15:55,07/02/2019 15:30,938,07/02/2019
FALSE,07/02/2019 16:13,07/02/2019 15:48,967,07/02/2019
FALSE,10/02/2019 16:11,10/02/2019 15:46,938,10/02/2019
FALSE,10/02/2019 16:11,10/02/2019 15:46,830,10/02/2019
FALSE,10/02/2019 17:05,10/02/2019 16:45,938,10/02/2019
FALSE,10/02/2019 17:03,10/02/2019 16:43,830,10/02/2019
TRUE,10/02/2019 17:14,10/02/2019 16:24,806,10/02/2019
TRUE,07/02/2019 18:03,07/02/2019 17:13,845,07/02/2019
TRUE,11/02/2019 16:30,11/02/2019 15:45,820,11/02/2019
TRUE,11/02/2019 17:15,11/02/2019 16:25,806,11/02/2019
FALSE,11/02/2019 16:50,11/02/2019 15:50,956,11/02/2019
FALSE,11/02/2019 16:50,11/02/2019 15:50,830,11/02/2019
FALSE,11/02/2019 19:28,11/02/2019 18:48,966,11/02/2019
FALSE,11/02/2019 19:14,11/02/2019 18:34,938,11/02/2019
FALSE,11/02/2019 19:14,11/02/2019 18:34,967,11/02/2019
FALSE,13/02/2019 10:33,13/02/2019 10:13,961,13/02/2019
TRUE,13/02/2019 20:31,13/02/2019 19:36,820,13/02/2019
TRUE,13/02/2019 20:55,13/02/2019 20:05,806,13/02/2019
FALSE,17/02/2019 13:39,17/02/2019 13:14,966,17/02/2019
FALSE,17/02/2019 13:42,17/02/2019 12:57,812,17/02/2019
FALSE,17/02/2019 20:15,17/02/2019 19:30,830,17/02/2019
FALSE,17/02/2019 20:15,17/02/2019 19:30,967,17/02/2019
FALSE,19/02/2019 14:50,19/02/2019 13:35,801,19/02/2019
FALSE,20/02/2019 11:07,20/02/2019 9:57,806,20/02/2019
FALSE,20/02/2019 11:10,20/02/2019 10:00,820,20/02/2019
TRUE,19/02/2019 17:45,19/02/2019 16:50,820,19/02/2019
TRUE,19/02/2019 17:45,19/02/2019 16:50,845,19/02/2019
FALSE,24/02/2019 16:48,24/02/2019 16:38,842,24/02/2019
FALSE,19/12/2018 22:20,19/12/2018 20:05,804,19/12/2018
FALSE,19/12/2018 22:00,19/12/2018 20:30,815,19/12/2018
FALSE,25/12/2018 21:08,25/12/2018 20:08,967,25/12/2018
FALSE,25/12/2018 21:08,25/12/2018 20:08,815,25/12/2018
FALSE,25/12/2018 20:56,25/12/2018 19:56,961,25/12/2018
FALSE,25/12/2018 20:54,25/12/2018 19:54,905,25/12/2018
FALSE,31/12/2018 20:06,31/12/2018 18:46,832,31/12/2018
FALSE,31/12/2018 20:10,31/12/2018 18:50,966,31/12/2018
FALSE,03/01/2019 12:45,03/01/2019 12:40,806,03/01/2019
FALSE,04/01/2019 14:02,04/01/2019 13:57,966,04/01/2019
FALSE,06/01/2019 11:31,06/01/2019 11:21,820,06/01/2019
FALSE,07/01/2019 13:25,07/01/2019 12:25,815,07/01/2019
FALSE,07/01/2019 13:25,07/01/2019 12:25,938,07/01/2019
FALSE,07/01/2019 12:19,07/01/2019 11:34,830,07/01/2019
FALSE,07/01/2019 20:23,07/01/2019 18:53,845,07/01/2019
FALSE,07/01/2019 20:23,07/01/2019 18:53,806,07/01/2019
FALSE,07/01/2019 20:43,07/01/2019 19:33,905,07/01/2019
FALSE,09/01/2019 12:44,09/01/2019 11:44,905,09/01/2019
FALSE,15/01/2019 20:55,15/01/2019 19:15,967,15/01/2019
FALSE,15/01/2019 20:55,15/01/2019 19:15,806,15/01/2019
FALSE,20/01/2019 12:14,20/01/2019 11:04,935,20/01/2019
FALSE,20/01/2019 12:14,20/01/2019 11:04,806,20/01/2019
FALSE,21/01/2019 12:58,21/01/2019 12:03,961,21/01/2019
FALSE,21/01/2019 12:59,21/01/2019 12:09,830,21/01/2019
FALSE,20/01/2019 12:10,20/01/2019 11:25,812,20/01/2019
FALSE,21/01/2019 19:12,21/01/2019 18:12,938,21/01/2019
FALSE,21/01/2019 19:12,21/01/2019 18:12,921,21/01/2019
FALSE,21/01/2019 20:12,21/01/2019 19:12,921,21/01/2019
FALSE,21/01/2019 20:12,21/01/2019 19:12,938,21/01/2019
FALSE,23/01/2019 17:43,23/01/2019 17:23,966,23/01/2019
FALSE,28/01/2019 15:16,28/01/2019 14:26,921,28/01/2019
FALSE,28/01/2019 15:16,28/01/2019 14:26,804,28/01/2019
FALSE,28/01/2019 17:31,28/01/2019 17:06,921,28/01/2019
FALSE,29/01/2019 14:56,29/01/2019 14:01,842,29/01/2019
FALSE,29/01/2019 15:50,29/01/2019 15:45,842,29/01/2019
FALSE,30/01/2019 11:43,30/01/2019 11:28,801,30/01/2019
TRUE,29/01/2019 21:05,29/01/2019 20:15,806,29/01/2019
FALSE,30/01/2019 19:41,30/01/2019 18:51,938,30/01/2019
FALSE,30/01/2019 19:47,30/01/2019 18:37,804,30/01/2019
FALSE,30/01/2019 16:20,30/01/2019 15:20,966,30/01/2019
FALSE,30/01/2019 16:20,30/01/2019 15:20,842,30/01/2019
TRUE,31/01/2019 21:00,31/01/2019 20:00,806,31/01/2019
TRUE,31/01/2019 21:00,31/01/2019 20:00,845,31/01/2019
FALSE,04/02/2019 17:24,04/02/2019 16:49,815,04/02/2019
TRUE,04/02/2019 19:51,04/02/2019 18:41,905,04/02/2019
TRUE,04/02/2019 18:50,04/02/2019 18:10,820,04/02/2019
FALSE,04/02/2019 15:47,04/02/2019 14:27,956,04/02/2019
FALSE,04/02/2019 15:37,04/02/2019 14:27,966,04/02/2019
FALSE,04/02/2019 15:24,04/02/2019 14:09,801,04/02/2019
FALSE,04/02/2019 22:34,04/02/2019 21:34,956,04/02/2019
FALSE,04/02/2019 22:34,04/02/2019 21:34,830,04/02/2019
FALSE,05/02/2019 9:02,05/02/2019 8:42,820,05/02/2019
FALSE,05/02/2019 10:56,05/02/2019 10:46,845,05/02/2019
FALSE,04/02/2019 16:39,04/02/2019 15:24,801,04/02/2019
TRUE,05/02/2019 18:58,05/02/2019 18:13,905,05/02/2019
TRUE,05/02/2019 18:53,05/02/2019 18:08,820,05/02/2019
FALSE,06/02/2019 15:23,06/02/2019 14:13,804,06/02/2019
FALSE,06/02/2019 15:23,06/02/2019 14:13,815,06/02/2019
FALSE,06/02/2019 15:40,06/02/2019 14:40,967,06/02/2019
FALSE,06/02/2019 15:40,06/02/2019 14:40,938,06/02/2019
TRUE,07/02/2019 17:13,07/02/2019 16:18,845,07/02/2019
TRUE,08/02/2019 12:38,08/02/2019 11:48,935,08/02/2019
TRUE,08/02/2019 12:38,08/02/2019 11:48,845,08/02/2019
TRUE,13/02/2019 17:30,13/02/2019 16:45,806,13/02/2019
TRUE,13/02/2019 17:30,13/02/2019 16:45,820,13/02/2019
TRUE,14/02/2019 19:45,14/02/2019 19:00,905,14/02/2019
TRUE,14/02/2019 21:16,14/02/2019 20:11,845,14/02/2019
FALSE,17/02/2019 15:40,17/02/2019 14:30,812,17/02/2019
FALSE,17/02/2019 15:45,17/02/2019 14:30,966,17/02/2019
TRUE,17/02/2019 20:08,17/02/2019 19:13,806,17/02/2019
FALSE,17/02/2019 19:17,17/02/2019 18:22,967,17/02/2019
FALSE,17/02/2019 18:39,17/02/2019 17:54,830,17/02/2019
FALSE,17/02/2019 18:41,17/02/2019 17:56,938,17/02/2019
FALSE,17/02/2019 18:41,17/02/2019 17:56,812,17/02/2019
FALSE,17/02/2019 20:35,17/02/2019 19:50,812,17/02/2019
FALSE,17/02/2019 20:35,17/02/2019 19:50,938,17/02/2019
FALSE,17/02/2019 21:20,17/02/2019 20:35,938,17/02/2019
FALSE,17/02/2019 21:20,17/02/2019 20:35,812,17/02/2019
FALSE,17/02/2019 19:19,17/02/2019 18:39,830,17/02/2019
FALSE,19/02/2019 11:05,19/02/2019 10:40,828,19/02/2019
FALSE,19/02/2019 14:24,19/02/2019 14:14,956,19/02/2019
TRUE,19/02/2019 20:05,19/02/2019 19:45,845,19/02/2019
FALSE,20/02/2019 16:21,20/02/2019 15:11,961,20/02/2019
FALSE,21/02/2019 10:12,21/02/2019 9:07,830,21/02/2019
FALSE,21/02/2019 22:12,21/02/2019 21:02,845,21/02/2019
FALSE,25/02/2019 9:31,25/02/2019 9:26,804,25/02/2019
FALSE,02/01/2019 9:10,02/01/2019 9:00,830,02/01/2019
FALSE,03/01/2019 14:32,03/01/2019 14:17,806,03/01/2019
FALSE,13/01/2019 22:30,13/01/2019 21:45,820,13/01/2019
FALSE,13/01/2019 22:30,13/01/2019 21:45,905,13/01/2019
FALSE,15/01/2019 22:29,15/01/2019 21:19,967,15/01/2019
FALSE,15/01/2019 22:29,15/01/2019 21:19,806,15/01/2019
FALSE,20/01/2019 11:25,20/01/2019 10:40,812,20/01/2019
FALSE,23/01/2019 11:21,23/01/2019 10:31,967,23/01/2019
FALSE,23/01/2019 11:18,23/01/2019 10:38,905,23/01/2019
FALSE,23/01/2019 11:29,23/01/2019 10:29,801,23/01/2019
FALSE,23/01/2019 11:26,23/01/2019 10:26,921,23/01/2019
TRUE,23/01/2019 18:11,23/01/2019 17:11,845,23/01/2019
TRUE,23/01/2019 18:11,23/01/2019 17:11,820,23/01/2019
FALSE,24/01/2019 11:23,24/01/2019 10:28,815,24/01/2019
FALSE,24/01/2019 11:38,24/01/2019 10:48,804,24/01/2019
TRUE,27/01/2019 19:44,27/01/2019 18:44,812,27/01/2019
TRUE,27/01/2019 19:44,27/01/2019 18:44,845,27/01/2019
TRUE,28/01/2019 19:58,28/01/2019 19:13,845,28/01/2019
FALSE,28/01/2019 19:24,28/01/2019 18:04,815,28/01/2019
FALSE,28/01/2019 20:49,28/01/2019 19:24,815,28/01/2019
FALSE,29/01/2019 17:15,29/01/2019 17:05,804,29/01/2019
TRUE,31/01/2019 17:29,31/01/2019 16:29,845,31/01/2019
TRUE,31/01/2019 17:29,31/01/2019 16:29,806,31/01/2019
FALSE,04/02/2019 19:53,04/02/2019 18:38,801,04/02/2019
FALSE,04/02/2019 23:30,04/02/2019 22:35,956,04/02/2019
FALSE,04/02/2019 23:30,04/02/2019 22:35,830,04/02/2019
TRUE,06/02/2019 17:42,06/02/2019 16:52,935,06/02/2019
TRUE,06/02/2019 17:42,06/02/2019 16:52,905,06/02/2019
FALSE,06/02/2019 21:09,06/02/2019 19:44,967,06/02/2019
FALSE,06/02/2019 21:09,06/02/2019 19:44,938,06/02/2019
FALSE,06/02/2019 17:00,06/02/2019 15:40,967,06/02/2019
FALSE,06/02/2019 17:00,06/02/2019 15:40,938,06/02/2019
TRUE,06/02/2019 18:27,06/02/2019 17:42,935,06/02/2019
TRUE,06/02/2019 18:27,06/02/2019 17:42,905,06/02/2019
TRUE,05/02/2019 17:32,05/02/2019 16:37,820,05/02/2019
TRUE,08/02/2019 11:48,08/02/2019 10:53,845,08/02/2019
TRUE,08/02/2019 11:48,08/02/2019 10:53,935,08/02/2019
FALSE,10/02/2019 14:45,10/02/2019 13:55,938,10/02/2019
FALSE,10/02/2019 14:45,10/02/2019 13:55,830,10/02/2019
FALSE,11/02/2019 13:41,11/02/2019 12:16,956,11/02/2019
FALSE,11/02/2019 13:41,11/02/2019 12:16,830,11/02/2019
FALSE,11/02/2019 15:55,11/02/2019 15:45,966,11/02/2019
TRUE,12/02/2019 14:40,12/02/2019 13:55,820,12/02/2019
TRUE,12/02/2019 14:15,12/02/2019 13:55,905,12/02/2019
FALSE,11/02/2019 20:38,11/02/2019 19:53,966,11/02/2019
FALSE,11/02/2019 20:34,11/02/2019 19:29,967,11/02/2019
FALSE,11/02/2019 20:34,11/02/2019 19:29,938,11/02/2019
FALSE,13/02/2019 11:29,13/02/2019 10:49,815,13/02/2019
FALSE,13/02/2019 11:27,13/02/2019 11:07,828,13/02/2019
FALSE,13/02/2019 12:52,13/02/2019 12:12,815,13/02/2019
FALSE,13/02/2019 13:44,13/02/2019 13:04,961,13/02/2019
FALSE,13/02/2019 16:10,13/02/2019 15:30,812,13/02/2019
FALSE,14/02/2019 10:59,14/02/2019 10:54,801,14/02/2019
FALSE,14/02/2019 12:38,14/02/2019 12:23,801,14/02/2019
FALSE,11/02/2019 21:23,11/02/2019 20:38,966,11/02/2019
FALSE,14/02/2019 14:49,14/02/2019 14:39,801,14/02/2019
FALSE,14/02/2019 16:10,14/02/2019 16:00,801,14/02/2019
TRUE,14/02/2019 17:33,14/02/2019 16:28,820,14/02/2019
TRUE,14/02/2019 17:33,14/02/2019 16:28,905,14/02/2019
FALSE,17/02/2019 11:53,17/02/2019 11:08,812,17/02/2019
FALSE,17/02/2019 11:55,17/02/2019 11:05,966,17/02/2019
TRUE,17/02/2019 17:36,17/02/2019 16:36,806,17/02/2019
TRUE,17/02/2019 17:37,17/02/2019 16:37,935,17/02/2019
FALSE,18/02/2019 12:59,18/02/2019 11:59,967,18/02/2019
TRUE,17/02/2019 18:36,17/02/2019 17:36,806,17/02/2019
TRUE,17/02/2019 18:37,17/02/2019 17:37,935,17/02/2019
FALSE,19/02/2019 12:45,19/02/2019 12:00,801,19/02/2019
FALSE,19/02/2019 16:49,19/02/2019 15:49,938,19/02/2019
FALSE,19/02/2019 16:49,19/02/2019 15:49,801,19/02/2019
TRUE,19/02/2019 16:50,19/02/2019 16:00,820,19/02/2019
TRUE,19/02/2019 16:50,19/02/2019 16:00,845,19/02/2019
FALSE,19/02/2019 20:12,19/02/2019 19:07,938,19/02/2019
FALSE,19/02/2019 19:51,19/02/2019 18:51,812,19/02/2019
FALSE,19/02/2019 19:51,19/02/2019 18:51,830,19/02/2019
FALSE,19/02/2019 23:02,19/02/2019 22:17,812,19/02/2019
FALSE,19/02/2019 23:09,19/02/2019 22:14,938,19/02/2019
FALSE,19/02/2019 21:22,19/02/2019 20:12,938,19/02/2019
FALSE,19/02/2019 22:00,19/02/2019 21:10,812,19/02/2019
FALSE,19/02/2019 22:00,19/02/2019 21:10,830,19/02/2019
TRUE,19/02/2019 20:02,19/02/2019 19:17,820,19/02/2019
TRUE,20/02/2019 17:30,20/02/2019 17:05,845,20/02/2019
TRUE,20/02/2019 17:15,20/02/2019 17:05,905,20/02/2019
FALSE,21/02/2019 15:03,21/02/2019 14:53,840,21/02/2019
FALSE,21/02/2019 16:08,21/02/2019 15:58,840,21/02/2019
FALSE,21/02/2019 16:52,21/02/2019 16:42,840,21/02/2019
FALSE,21/02/2019 17:52,21/02/2019 17:22,840,21/02/2019
FALSE,24/02/2019 10:31,24/02/2019 10:11,828,24/02/2019
FALSE,24/02/2019 10:53,24/02/2019 10:23,840,24/02/2019
FALSE,24/02/2019 12:02,24/02/2019 11:47,837,24/02/2019
FALSE,26/02/2019 14:18,26/02/2019 14:08,905,26/02/2019
FALSE,02/01/2019 9:56,02/01/2019 9:46,830,02/01/2019
FALSE,09/01/2019 12:26,09/01/2019 11:46,967,09/01/2019
FALSE,13/01/2019 14:43,13/01/2019 14:03,905,13/01/2019
FALSE,21/01/2019 13:44,21/01/2019 12:59,830,21/01/2019
FALSE,21/01/2019 13:48,21/01/2019 12:58,961,21/01/2019
FALSE,22/01/2019 14:48,22/01/2019 14:38,804,22/01/2019
FALSE,23/01/2019 12:31,23/01/2019 11:26,921,23/01/2019
FALSE,23/01/2019 12:34,23/01/2019 11:29,801,23/01/2019
TRUE,23/01/2019 20:16,23/01/2019 19:31,820,23/01/2019
TRUE,30/01/2019 20:27,30/01/2019 19:22,806,30/01/2019
TRUE,30/01/2019 20:30,30/01/2019 19:30,820,30/01/2019
TRUE,07/02/2019 19:29,07/02/2019 18:19,935,07/02/2019
FALSE,10/02/2019 13:14,10/02/2019 12:24,938,10/02/2019
FALSE,10/02/2019 13:21,10/02/2019 12:31,830,10/02/2019
FALSE,11/02/2019 13:10,11/02/2019 12:05,938,11/02/2019
FALSE,11/02/2019 13:10,11/02/2019 12:05,967,11/02/2019
FALSE,11/02/2019 13:27,11/02/2019 13:17,845,11/02/2019
FALSE,11/02/2019 15:06,11/02/2019 13:41,830,11/02/2019
FALSE,11/02/2019 15:06,11/02/2019 13:41,956,11/02/2019
FALSE,11/02/2019 17:40,11/02/2019 16:50,956,11/02/2019
FALSE,11/02/2019 17:40,11/02/2019 16:50,830,11/02/2019
FALSE,11/02/2019 14:20,11/02/2019 13:10,967,11/02/2019
FALSE,11/02/2019 14:20,11/02/2019 13:10,938,11/02/2019
FALSE,11/02/2019 17:09,11/02/2019 16:14,967,11/02/2019
FALSE,11/02/2019 17:09,11/02/2019 16:14,938,11/02/2019
TRUE,11/02/2019 17:15,11/02/2019 16:30,820,11/02/2019
TRUE,12/02/2019 20:20,12/02/2019 19:35,905,12/02/2019
TRUE,12/02/2019 15:30,12/02/2019 14:40,820,12/02/2019
FALSE,13/02/2019 12:57,13/02/2019 12:47,828,13/02/2019
FALSE,13/02/2019 14:55,13/02/2019 14:40,828,13/02/2019
FALSE,13/02/2019 14:34,13/02/2019 14:24,820,13/02/2019
TRUE,13/02/2019 20:05,13/02/2019 19:15,806,13/02/2019
TRUE,13/02/2019 19:36,13/02/2019 18:46,820,13/02/2019
FALSE,14/02/2019 16:47,14/02/2019 16:37,801,14/02/2019
FALSE,17/02/2019 16:55,17/02/2019 15:40,812,17/02/2019
FALSE,17/02/2019 17:00,17/02/2019 15:45,966,17/02/2019
FALSE,17/02/2019 19:26,17/02/2019 18:41,938,17/02/2019
FALSE,17/02/2019 19:26,17/02/2019 18:41,812,17/02/2019
FALSE,17/02/2019 21:00,17/02/2019 20:15,967,17/02/2019
FALSE,17/02/2019 21:00,17/02/2019 20:15,830,17/02/2019
FALSE,19/02/2019 11:02,19/02/2019 10:52,956,19/02/2019
FALSE,22/02/2019 10:43,22/02/2019 9:33,935,22/02/2019
FALSE,22/07/2019 21:08,22/07/2019 20:18,842,22/07/2019
FALSE,23/07/2019 15:45,23/07/2019 15:35,815,23/07/2019
TRUE,29/07/2019 22:47,29/07/2019 22:02,910,29/07/2019
TRUE,29/07/2019 22:43,29/07/2019 21:58,832,29/07/2019
FALSE,29/07/2019 23:17,29/07/2019 22:27,924,29/07/2019
FALSE,29/07/2019 21:37,29/07/2019 20:47,837,29/07/2019
FALSE,18/08/2019 16:09,18/08/2019 15:44,837,18/08/2019
FALSE,18/06/2019 13:43,18/06/2019 12:43,812,18/06/2019
FALSE,19/06/2019 16:31,19/06/2019 16:11,840,19/06/2019
FALSE,18/06/2019 21:53,18/06/2019 21:18,828,18/06/2019
FALSE,19/06/2019 19:11,19/06/2019 18:21,832,19/06/2019
FALSE,19/06/2019 19:11,19/06/2019 18:21,828,19/06/2019
FALSE,24/06/2019 11:30,24/06/2019 11:20,910,24/06/2019
FALSE,24/06/2019 19:51,24/06/2019 18:36,842,24/06/2019
FALSE,24/06/2019 19:51,24/06/2019 18:36,840,24/06/2019
FALSE,24/06/2019 21:06,24/06/2019 19:51,842,24/06/2019
FALSE,24/06/2019 21:06,24/06/2019 19:51,840,24/06/2019
FALSE,01/07/2019 14:14,01/07/2019 13:24,910,01/07/2019
FALSE,01/07/2019 16:12,01/07/2019 14:57,910,01/07/2019
FALSE,01/07/2019 23:01,01/07/2019 22:16,910,01/07/2019
FALSE,01/07/2019 21:31,01/07/2019 20:31,845,01/07/2019
FALSE,01/07/2019 21:37,01/07/2019 20:52,842,01/07/2019
FALSE,04/07/2019 14:57,04/07/2019 14:42,812,04/07/2019
FALSE,07/07/2019 12:42,07/07/2019 12:32,812,07/07/2019
FALSE,08/07/2019 17:25,08/07/2019 16:10,910,08/07/2019
FALSE,08/07/2019 17:25,08/07/2019 16:10,845,08/07/2019
FALSE,09/07/2019 21:06,09/07/2019 20:36,804,09/07/2019
FALSE,09/07/2019 21:11,09/07/2019 20:31,938,09/07/2019
FALSE,09/07/2019 21:11,09/07/2019 20:31,840,09/07/2019
FALSE,09/07/2019 14:26,09/07/2019 13:31,924,09/07/2019
FALSE,12/07/2019 12:33,12/07/2019 11:28,845,12/07/2019
FALSE,12/07/2019 12:33,12/07/2019 11:28,840,12/07/2019
FALSE,17/07/2019 21:07,17/07/2019 20:22,820,17/07/2019
FALSE,17/07/2019 21:00,17/07/2019 20:20,842,17/07/2019
FALSE,17/07/2019 20:24,17/07/2019 19:19,837,17/07/2019
FALSE,17/07/2019 20:24,17/07/2019 19:19,935,17/07/2019
FALSE,17/07/2019 22:44,17/07/2019 22:14,804,17/07/2019
FALSE,17/07/2019 21:36,17/07/2019 20:36,840,17/07/2019
FALSE,17/07/2019 21:36,17/07/2019 20:36,828,17/07/2019
FALSE,18/07/2019 15:49,18/07/2019 15:39,910,18/07/2019
FALSE,17/07/2019 21:30,17/07/2019 21:00,842,17/07/2019
FALSE,17/07/2019 21:52,17/07/2019 21:07,820,17/07/2019
FALSE,21/07/2019 15:43,21/07/2019 15:38,842,21/07/2019
FALSE,22/07/2019 15:55,22/07/2019 14:40,924,22/07/2019
FALSE,22/07/2019 15:55,22/07/2019 14:40,806,22/07/2019
FALSE,22/07/2019 21:11,22/07/2019 20:21,804,22/07/2019
FALSE,22/07/2019 21:16,22/07/2019 20:16,832,22/07/2019
FALSE,25/07/2019 10:32,25/07/2019 10:22,804,25/07/2019
FALSE,25/07/2019 12:18,25/07/2019 12:08,840,25/07/2019
FALSE,07/08/2019 9:52,07/08/2019 9:42,820,07/08/2019
FALSE,07/08/2019 10:37,07/08/2019 10:27,820,07/08/2019
TRUE,08/08/2019 19:05,08/08/2019 18:20,832,08/08/2019
TRUE,08/08/2019 19:05,08/08/2019 18:20,910,08/08/2019
TRUE,08/08/2019 21:15,08/08/2019 20:30,910,08/08/2019
TRUE,08/08/2019 21:15,08/08/2019 20:30,832,08/08/2019
FALSE,08/08/2019 18:07,08/08/2019 17:17,801,08/08/2019
FALSE,12/08/2019 17:57,12/08/2019 17:12,815,12/08/2019
FALSE,12/08/2019 18:38,12/08/2019 17:33,924,12/08/2019
FALSE,12/08/2019 20:25,12/08/2019 19:20,938,12/08/2019
FALSE,12/08/2019 20:25,12/08/2019 19:20,815,12/08/2019
TRUE,13/08/2019 20:38,13/08/2019 19:38,910,13/08/2019
FALSE,14/08/2019 23:42,14/08/2019 22:57,815,14/08/2019
FALSE,15/08/2019 12:42,15/08/2019 12:32,834,15/08/2019
FALSE,15/08/2019 14:14,15/08/2019 14:04,834,15/08/2019
FALSE,15/08/2019 15:10,15/08/2019 14:50,834,15/08/2019
FALSE,15/08/2019 16:11,15/08/2019 16:01,837,15/08/2019
TRUE,15/08/2019 18:08,15/08/2019 17:08,967,15/08/2019
FALSE,18/08/2019 10:39,18/08/2019 10:29,828,18/08/2019
FALSE,18/08/2019 11:45,18/08/2019 11:10,924,18/08/2019
FALSE,18/08/2019 16:08,18/08/2019 15:23,924,18/08/2019
FALSE,19/08/2019 8:52,19/08/2019 8:47,834,19/08/2019
FALSE,19/08/2019 17:26,19/08/2019 17:16,961,19/08/2019
FALSE,19/08/2019 17:39,19/08/2019 16:49,812,19/08/2019
FALSE,19/08/2019 17:50,19/08/2019 17:00,840,19/08/2019
FALSE,19/08/2019 21:23,19/08/2019 20:38,842,19/08/2019
FALSE,19/08/2019 21:12,19/08/2019 20:27,812,19/08/2019
FALSE,19/08/2019 20:13,19/08/2019 19:23,840,19/08/2019
FALSE,20/08/2019 15:28,20/08/2019 13:58,815,20/08/2019
FALSE,20/08/2019 15:28,20/08/2019 13:58,812,20/08/2019
TRUE,20/08/2019 20:33,20/08/2019 19:48,832,20/08/2019
TRUE,20/08/2019 20:33,20/08/2019 19:48,804,20/08/2019
FALSE,20/08/2019 20:37,20/08/2019 19:52,961,20/08/2019
FALSE,19/08/2019 21:04,19/08/2019 20:14,840,19/08/2019
FALSE,20/08/2019 0:16,19/08/2019 23:11,840,19/08/2019
FALSE,20/08/2019 0:05,19/08/2019 23:00,840,19/08/2019
FALSE,20/08/2019 0:10,19/08/2019 23:05,812,19/08/2019
TRUE,20/08/2019 21:18,20/08/2019 20:33,804,20/08/2019
TRUE,20/08/2019 21:18,20/08/2019 20:33,832,20/08/2019
TRUE,22/08/2019 18:19,22/08/2019 17:29,910,22/08/2019
TRUE,22/08/2019 19:16,22/08/2019 18:16,832,22/08/2019
TRUE,23/08/2019 10:53,23/08/2019 10:08,832,23/08/2019
TRUE,23/08/2019 10:53,23/08/2019 10:08,910,23/08/2019
FALSE,25/08/2019 11:16,25/08/2019 10:41,840,25/08/2019
TRUE,25/08/2019 20:21,25/08/2019 20:01,910,25/08/2019
TRUE,25/08/2019 21:26,25/08/2019 20:01,815,25/08/2019
TRUE,26/08/2019 21:02,26/08/2019 19:52,910,26/08/2019
TRUE,26/08/2019 21:20,26/08/2019 20:00,815,26/08/2019
FALSE,29/08/2019 22:51,29/08/2019 21:46,840,29/08/2019
TRUE,30/08/2019 10:54,30/08/2019 10:09,815,30/08/2019
TRUE,30/08/2019 10:39,30/08/2019 10:09,967,30/08/2019
FALSE,03/06/2019 15:34,03/06/2019 14:44,840,03/06/2019
FALSE,03/06/2019 15:34,03/06/2019 14:44,845,03/06/2019
FALSE,24/06/2019 13:59,24/06/2019 13:49,910,24/06/2019
FALSE,24/06/2019 17:03,24/06/2019 16:53,910,24/06/2019
FALSE,24/06/2019 19:40,24/06/2019 19:15,921,24/06/2019
FALSE,24/06/2019 12:58,24/06/2019 12:18,967,24/06/2019
FALSE,24/06/2019 12:58,24/06/2019 12:18,840,24/06/2019
FALSE,30/06/2019 12:14,30/06/2019 11:24,967,30/06/2019
FALSE,30/06/2019 11:45,30/06/2019 11:05,845,30/06/2019
FALSE,30/06/2019 11:45,30/06/2019 11:05,924,30/06/2019
FALSE,30/06/2019 12:25,30/06/2019 11:40,938,30/06/2019
FALSE,30/06/2019 13:42,30/06/2019 12:42,967,30/06/2019
FALSE,30/06/2019 14:05,30/06/2019 13:05,938,30/06/2019
FALSE,30/06/2019 13:46,30/06/2019 13:06,845,30/06/2019
FALSE,30/06/2019 13:46,30/06/2019 13:06,924,30/06/2019
FALSE,01/07/2019 11:31,01/07/2019 11:11,832,01/07/2019
FALSE,01/07/2019 11:20,01/07/2019 11:00,828,01/07/2019
FALSE,01/07/2019 18:09,01/07/2019 17:19,845,01/07/2019
FALSE,01/07/2019 18:09,01/07/2019 17:19,842,01/07/2019
FALSE,01/07/2019 18:13,01/07/2019 17:28,828,01/07/2019
FALSE,01/07/2019 20:30,01/07/2019 19:40,845,01/07/2019
FALSE,01/07/2019 20:52,01/07/2019 20:02,842,01/07/2019
FALSE,01/07/2019 19:09,01/07/2019 18:19,820,01/07/2019
FALSE,01/07/2019 19:09,01/07/2019 18:19,832,01/07/2019
FALSE,02/07/2019 14:36,02/07/2019 14:31,935,02/07/2019
FALSE,03/07/2019 18:30,03/07/2019 17:30,842,03/07/2019
FALSE,03/07/2019 18:30,03/07/2019 17:30,845,03/07/2019
FALSE,03/07/2019 20:51,03/07/2019 20:01,842,03/07/2019
FALSE,03/07/2019 20:51,03/07/2019 20:01,845,03/07/2019
FALSE,07/07/2019 14:09,07/07/2019 13:59,935,07/07/2019
FALSE,07/07/2019 21:12,07/07/2019 20:32,832,07/07/2019
FALSE,07/07/2019 20:44,07/07/2019 19:59,837,07/07/2019
FALSE,07/07/2019 21:45,07/07/2019 20:35,842,07/07/2019
FALSE,07/07/2019 20:42,07/07/2019 19:57,967,07/07/2019
FALSE,07/07/2019 20:42,07/07/2019 19:57,820,07/07/2019
FALSE,07/07/2019 14:50,07/07/2019 14:10,832,07/07/2019
FALSE,07/07/2019 14:50,07/07/2019 14:10,828,07/07/2019
FALSE,08/07/2019 14:04,08/07/2019 13:24,910,08/07/2019
FALSE,09/07/2019 16:08,09/07/2019 15:08,924,09/07/2019
FALSE,09/07/2019 16:08,09/07/2019 15:08,828,09/07/2019
FALSE,09/07/2019 22:30,09/07/2019 21:25,837,09/07/2019
FALSE,09/07/2019 22:30,09/07/2019 21:20,828,09/07/2019
FALSE,09/07/2019 21:32,09/07/2019 21:07,804,09/07/2019
FALSE,12/07/2019 13:33,12/07/2019 12:33,840,12/07/2019
FALSE,12/07/2019 13:38,12/07/2019 12:33,845,12/07/2019
FALSE,17/07/2019 13:17,17/07/2019 12:17,828,17/07/2019
FALSE,17/07/2019 13:17,17/07/2019 12:17,840,17/07/2019
FALSE,22/07/2019 13:53,22/07/2019 12:58,924,22/07/2019
FALSE,22/07/2019 13:53,22/07/2019 12:58,806,22/07/2019
FALSE,23/07/2019 14:02,23/07/2019 13:52,815,23/07/2019
FALSE,23/07/2019 14:51,23/07/2019 14:41,815,23/07/2019
FALSE,23/07/2019 15:09,23/07/2019 14:59,921,23/07/2019
FALSE,23/07/2019 18:28,23/07/2019 18:23,828,23/07/2019
TRUE,01/08/2019 18:20,01/08/2019 17:25,921,01/08/2019
TRUE,01/08/2019 18:20,01/08/2019 17:25,832,01/08/2019
FALSE,04/08/2019 15:00,04/08/2019 13:30,815,04/08/2019
FALSE,04/08/2019 15:00,04/08/2019 13:30,828,04/08/2019
TRUE,06/08/2019 20:34,06/08/2019 19:39,921,06/08/2019
TRUE,06/08/2019 20:34,06/08/2019 19:39,910,06/08/2019
FALSE,14/08/2019 19:52,14/08/2019 19:37,961,14/08/2019
TRUE,15/08/2019 20:22,15/08/2019 19:32,921,15/08/2019
TRUE,16/08/2019 11:05,16/08/2019 10:05,967,16/08/2019
FALSE,18/08/2019 14:46,18/08/2019 13:41,815,18/08/2019
FALSE,18/08/2019 13:53,18/08/2019 12:53,924,18/08/2019
FALSE,18/08/2019 19:47,18/08/2019 19:37,832,18/08/2019
FALSE,19/08/2019 13:13,19/08/2019 12:33,840,19/08/2019
FALSE,19/08/2019 13:13,19/08/2019 12:33,842,19/08/2019
FALSE,18/08/2019 14:43,18/08/2019 13:53,924,18/08/2019
FALSE,19/08/2019 15:45,19/08/2019 14:00,840,19/08/2019
FALSE,19/08/2019 15:34,19/08/2019 14:04,842,19/08/2019
FALSE,19/08/2019 16:37,19/08/2019 16:27,961,19/08/2019
FALSE,20/08/2019 17:29,20/08/2019 16:09,812,20/08/2019
FALSE,20/08/2019 17:29,20/08/2019 16:09,815,20/08/2019
FALSE,20/08/2019 17:57,20/08/2019 17:02,961,20/08/2019
FALSE,20/08/2019 18:14,20/08/2019 17:29,845,20/08/2019
FALSE,20/08/2019 17:55,20/08/2019 17:10,820,20/08/2019
FALSE,21/08/2019 10:02,21/08/2019 9:52,924,21/08/2019
FALSE,21/08/2019 10:43,21/08/2019 10:33,924,21/08/2019
FALSE,21/08/2019 14:25,21/08/2019 14:00,924,21/08/2019
FALSE,21/08/2019 14:10,21/08/2019 14:05,837,21/08/2019
FALSE,19/08/2019 18:34,19/08/2019 17:44,834,19/08/2019
TRUE,19/08/2019 21:27,19/08/2019 20:37,910,19/08/2019
TRUE,19/08/2019 21:31,19/08/2019 20:41,921,19/08/2019
FALSE,20/08/2019 18:55,20/08/2019 17:55,820,20/08/2019
FALSE,20/08/2019 18:59,20/08/2019 18:14,845,20/08/2019
FALSE,20/08/2019 18:47,20/08/2019 17:57,961,20/08/2019
TRUE,21/08/2019 17:56,21/08/2019 16:56,804,21/08/2019
TRUE,21/08/2019 17:56,21/08/2019 16:56,967,21/08/2019
FALSE,23/08/2019 9:54,23/08/2019 9:44,961,23/08/2019
FALSE,24/08/2019 21:43,24/08/2019 20:38,815,24/08/2019
FALSE,28/08/2019 17:41,28/08/2019 17:36,832,28/08/2019
FALSE,29/08/2019 14:46,29/08/2019 13:41,832,29/08/2019
TRUE,23/08/2019 11:38,23/08/2019 10:53,832,23/08/2019
TRUE,25/08/2019 18:48,25/08/2019 18:03,910,25/08/2019
TRUE,25/08/2019 18:48,25/08/2019 18:03,815,25/08/2019
TRUE,26/08/2019 20:10,26/08/2019 19:25,910,26/08/2019
TRUE,26/08/2019 20:10,26/08/2019 19:25,815,26/08/2019
FALSE,26/08/2019 14:10,26/08/2019 13:40,834,26/08/2019
FALSE,16/06/2019 17:00,16/06/2019 16:15,828,16/06/2019
FALSE,23/06/2019 12:15,23/06/2019 11:00,812,23/06/2019
FALSE,23/06/2019 11:10,23/06/2019 11:00,804,23/06/2019
FALSE,23/06/2019 12:11,23/06/2019 10:56,910,23/06/2019
FALSE,23/06/2019 12:15,23/06/2019 11:00,828,23/06/2019
FALSE,23/06/2019 15:49,23/06/2019 14:54,804,23/06/2019
FALSE,23/06/2019 15:49,23/06/2019 14:54,812,23/06/2019
FALSE,23/06/2019 15:49,23/06/2019 14:54,828,23/06/2019
FALSE,23/06/2019 19:14,23/06/2019 17:59,804,23/06/2019
FALSE,23/06/2019 19:14,23/06/2019 17:59,812,23/06/2019
FALSE,23/06/2019 19:14,23/06/2019 17:59,828,23/06/2019
FALSE,24/06/2019 11:08,24/06/2019 10:18,967,24/06/2019
FALSE,24/06/2019 11:04,24/06/2019 10:54,910,24/06/2019
FALSE,24/06/2019 12:23,24/06/2019 12:18,806,24/06/2019
FALSE,24/06/2019 12:18,24/06/2019 11:38,967,24/06/2019
FALSE,24/06/2019 12:18,24/06/2019 11:38,840,24/06/2019
FALSE,24/06/2019 15:07,24/06/2019 14:57,910,24/06/2019
FALSE,24/06/2019 20:42,24/06/2019 19:37,832,24/06/2019
FALSE,27/06/2019 20:05,27/06/2019 19:10,812,27/06/2019
FALSE,27/06/2019 20:15,27/06/2019 19:00,910,27/06/2019
FALSE,27/06/2019 20:25,27/06/2019 19:05,832,27/06/2019
FALSE,01/07/2019 13:47,01/07/2019 13:07,832,01/07/2019
FALSE,01/07/2019 13:52,01/07/2019 13:07,828,01/07/2019
FALSE,01/07/2019 15:49,01/07/2019 15:09,832,01/07/2019
FALSE,01/07/2019 15:57,01/07/2019 15:17,828,01/07/2019
FALSE,01/07/2019 18:58,01/07/2019 18:13,828,01/07/2019
FALSE,01/07/2019 20:42,01/07/2019 19:57,924,01/07/2019
FALSE,01/07/2019 20:51,01/07/2019 20:06,910,01/07/2019
FALSE,01/07/2019 12:18,01/07/2019 11:33,910,01/07/2019
FALSE,03/07/2019 18:15,03/07/2019 17:20,924,03/07/2019
FALSE,03/07/2019 21:26,03/07/2019 20:01,967,03/07/2019
FALSE,03/07/2019 20:31,03/07/2019 20:01,804,03/07/2019
FALSE,03/07/2019 19:05,03/07/2019 18:15,924,03/07/2019
FALSE,03/07/2019 21:17,03/07/2019 20:32,924,03/07/2019
FALSE,03/07/2019 19:12,03/07/2019 18:22,832,03/07/2019
FALSE,03/07/2019 18:57,03/07/2019 18:12,828,03/07/2019
FALSE,16/06/2019 23:40,16/06/2019 22:40,921,16/06/2019
FALSE,01/07/2019 14:22,01/07/2019 13:52,828,01/07/2019
FALSE,01/07/2019 14:17,01/07/2019 13:47,832,01/07/2019
FALSE,03/07/2019 14:47,03/07/2019 13:52,924,03/07/2019
FALSE,03/07/2019 14:22,03/07/2019 13:37,832,03/07/2019
FALSE,04/07/2019 9:59,04/07/2019 9:49,840,04/07/2019
FALSE,04/07/2019 10:06,04/07/2019 9:16,837,04/07/2019
FALSE,04/07/2019 10:05,04/07/2019 9:00,842,04/07/2019
FALSE,04/07/2019 10:48,04/07/2019 10:38,840,04/07/2019
FALSE,04/07/2019 11:52,04/07/2019 10:52,837,04/07/2019
FALSE,04/07/2019 11:54,04/07/2019 11:04,842,04/07/2019
FALSE,04/07/2019 12:38,04/07/2019 12:28,840,04/07/2019
FALSE,04/07/2019 12:52,04/07/2019 12:42,812,04/07/2019
FALSE,04/07/2019 15:10,04/07/2019 15:00,935,04/07/2019
FALSE,04/07/2019 10:29,04/07/2019 9:44,924,04/07/2019
FALSE,04/07/2019 10:29,04/07/2019 9:44,828,04/07/2019
FALSE,07/07/2019 13:26,07/07/2019 13:16,935,07/07/2019
FALSE,07/07/2019 18:25,07/07/2019 17:25,967,07/07/2019
FALSE,07/07/2019 18:25,07/07/2019 17:25,820,07/07/2019
FALSE,07/07/2019 18:54,07/07/2019 18:09,837,07/07/2019
FALSE,07/07/2019 18:30,07/07/2019 17:30,845,07/07/2019
FALSE,08/07/2019 10:19,08/07/2019 10:09,840,08/07/2019
FALSE,08/07/2019 12:46,08/07/2019 11:56,910,08/07/2019
FALSE,08/07/2019 12:46,08/07/2019 11:56,956,08/07/2019
FALSE,09/07/2019 21:20,09/07/2019 20:35,832,09/07/2019
FALSE,09/07/2019 16:58,09/07/2019 16:08,924,09/07/2019
FALSE,09/07/2019 16:58,09/07/2019 16:08,828,09/07/2019
FALSE,16/07/2019 14:45,16/07/2019 13:15,828,16/07/2019
FALSE,16/07/2019 14:45,16/07/2019 13:15,832,16/07/2019
FALSE,17/07/2019 18:01,17/07/2019 17:16,820,17/07/2019
FALSE,17/07/2019 18:12,17/07/2019 17:27,842,17/07/2019
FALSE,18/07/2019 12:55,18/07/2019 12:40,910,18/07/2019
FALSE,21/07/2019 15:30,21/07/2019 13:45,837,21/07/2019
FALSE,21/07/2019 15:30,21/07/2019 13:45,832,21/07/2019
FALSE,22/07/2019 23:13,22/07/2019 22:33,806,22/07/2019
FALSE,22/07/2019 23:06,22/07/2019 22:11,832,22/07/2019
FALSE,24/07/2019 10:30,24/07/2019 10:25,938,24/07/2019
FALSE,24/07/2019 10:29,24/07/2019 10:14,828,24/07/2019
FALSE,24/07/2019 21:14,24/07/2019 20:14,806,24/07/2019
FALSE,25/07/2019 13:19,25/07/2019 13:04,840,25/07/2019
FALSE,29/07/2019 13:17,29/07/2019 11:02,815,29/07/2019
FALSE,29/07/2019 13:04,29/07/2019 10:59,828,29/07/2019
FALSE,29/07/2019 14:41,29/07/2019 14:31,820,29/07/2019
FALSE,29/07/2019 20:49,29/07/2019 20:04,924,29/07/2019
FALSE,29/07/2019 20:49,29/07/2019 20:04,845,29/07/2019
FALSE,16/06/2019 14:44,16/06/2019 13:59,828,16/06/2019
FALSE,29/07/2019 20:50,29/07/2019 20:00,828,29/07/2019
FALSE,29/07/2019 20:45,29/07/2019 20:00,815,29/07/2019
TRUE,30/07/2019 17:56,30/07/2019 17:21,832,30/07/2019
FALSE,29/07/2019 21:35,29/07/2019 20:50,845,29/07/2019
FALSE,29/07/2019 21:35,29/07/2019 20:50,924,29/07/2019
FALSE,31/07/2019 15:49,31/07/2019 14:54,837,31/07/2019
FALSE,31/07/2019 15:44,31/07/2019 13:59,806,31/07/2019
FALSE,31/07/2019 18:59,31/07/2019 16:54,837,31/07/2019
FALSE,31/07/2019 18:59,31/07/2019 16:54,806,31/07/2019
FALSE,01/08/2019 12:13,01/08/2019 11:13,924,01/08/2019
FALSE,01/08/2019 12:13,01/08/2019 11:13,815,01/08/2019
FALSE,01/08/2019 12:13,01/08/2019 11:13,828,01/08/2019
FALSE,01/08/2019 12:13,01/08/2019 11:13,840,01/08/2019
FALSE,04/08/2019 17:36,04/08/2019 16:51,837,04/08/2019
TRUE,04/08/2019 19:11,04/08/2019 18:01,804,04/08/2019
TRUE,04/08/2019 19:11,04/08/2019 18:01,967,04/08/2019
FALSE,04/08/2019 20:08,04/08/2019 19:58,938,04/08/2019
FALSE,04/08/2019 20:11,04/08/2019 19:21,840,04/08/2019
FALSE,04/08/2019 18:43,04/08/2019 17:28,840,04/08/2019
FALSE,04/08/2019 21:01,04/08/2019 20:11,840,04/08/2019
FALSE,04/08/2019 20:25,04/08/2019 19:20,815,04/08/2019
FALSE,04/08/2019 20:25,04/08/2019 19:20,828,04/08/2019
FALSE,19/08/2019 17:44,19/08/2019 16:54,834,19/08/2019
TRUE,19/08/2019 18:06,19/08/2019 17:21,910,19/08/2019
TRUE,19/08/2019 18:06,19/08/2019 17:21,921,19/08/2019
FALSE,03/06/2019 17:47,03/06/2019 17:37,924,03/06/2019
TRUE,10/06/2019 13:47,10/06/2019 12:32,921,10/06/2019
TRUE,10/06/2019 13:47,10/06/2019 12:32,910,10/06/2019
FALSE,03/06/2019 17:57,03/06/2019 17:12,840,03/06/2019
FALSE,10/06/2019 21:45,10/06/2019 20:45,935,10/06/2019
FALSE,11/06/2019 17:41,11/06/2019 16:36,938,11/06/2019
FALSE,03/06/2019 14:32,03/06/2019 13:47,842,02/06/2019
FALSE,12/06/2019 10:38,12/06/2019 10:28,924,12/06/2019
TRUE,02/06/2019 20:19,02/06/2019 19:29,837,02/06/2019
FALSE,12/06/2019 13:21,12/06/2019 12:21,832,12/06/2019
FALSE,12/06/2019 13:21,12/06/2019 12:21,828,12/06/2019
TRUE,10/06/2019 15:07,10/06/2019 13:47,910,10/06/2019
TRUE,10/06/2019 15:07,10/06/2019 13:47,921,10/06/2019
FALSE,12/06/2019 16:00,12/06/2019 15:50,924,12/06/2019
FALSE,12/06/2019 21:45,12/06/2019 20:25,832,12/06/2019
FALSE,13/06/2019 9:40,13/06/2019 9:00,921,13/06/2019
FALSE,13/06/2019 9:40,13/06/2019 9:00,840,13/06/2019
FALSE,13/06/2019 10:20,13/06/2019 9:40,840,13/06/2019
FALSE,13/06/2019 10:20,13/06/2019 9:40,921,13/06/2019
FALSE,24/06/2019 14:27,24/06/2019 13:42,967,24/06/2019
FALSE,24/06/2019 14:27,24/06/2019 13:42,840,24/06/2019
FALSE,24/06/2019 16:46,24/06/2019 15:46,804,24/06/2019
FALSE,24/06/2019 16:46,24/06/2019 15:46,840,24/06/2019
FALSE,24/06/2019 23:43,24/06/2019 23:18,921,24/06/2019
FALSE,25/06/2019 15:39,25/06/2019 14:39,832,25/06/2019
FALSE,25/06/2019 15:39,25/06/2019 14:39,910,25/06/2019
FALSE,25/06/2019 15:39,25/06/2019 14:39,812,25/06/2019
FALSE,24/06/2019 21:38,24/06/2019 20:23,804,24/06/2019
FALSE,25/06/2019 19:20,25/06/2019 18:40,812,25/06/2019
FALSE,25/06/2019 19:20,25/06/2019 18:40,804,25/06/2019
FALSE,25/06/2019 19:20,25/06/2019 18:40,910,25/06/2019
FALSE,30/06/2019 16:41,30/06/2019 15:31,967,30/06/2019
FALSE,30/06/2019 16:39,30/06/2019 15:39,938,30/06/2019
FALSE,30/06/2019 16:37,30/06/2019 15:47,845,30/06/2019
FALSE,30/06/2019 16:37,30/06/2019 15:47,924,30/06/2019
FALSE,01/07/2019 18:19,01/07/2019 17:19,832,01/07/2019
FALSE,01/07/2019 18:19,01/07/2019 17:19,820,01/07/2019
FALSE,01/07/2019 18:24,01/07/2019 17:29,924,01/07/2019
FALSE,01/07/2019 18:24,01/07/2019 17:29,910,01/07/2019
FALSE,01/07/2019 20:40,01/07/2019 19:40,840,01/07/2019
FALSE,01/07/2019 18:59,01/07/2019 18:09,842,01/07/2019
FALSE,01/07/2019 18:59,01/07/2019 18:09,845,01/07/2019
FALSE,01/07/2019 12:25,01/07/2019 11:30,832,01/07/2019
FALSE,01/07/2019 12:25,01/07/2019 11:20,828,01/07/2019
FALSE,03/07/2019 16:31,03/07/2019 15:51,924,03/07/2019
FALSE,03/07/2019 21:20,03/07/2019 20:30,828,03/07/2019
FALSE,03/07/2019 21:20,03/07/2019 20:30,832,03/07/2019
FALSE,03/07/2019 19:25,03/07/2019 18:30,845,03/07/2019
FALSE,03/07/2019 19:20,03/07/2019 18:30,842,03/07/2019
FALSE,03/07/2019 21:36,03/07/2019 20:51,845,03/07/2019
FALSE,03/07/2019 21:36,03/07/2019 20:51,842,03/07/2019
FALSE,03/07/2019 19:14,03/07/2019 18:24,967,03/07/2019
FALSE,03/07/2019 19:14,03/07/2019 18:24,804,03/07/2019
FALSE,30/06/2019 14:55,30/06/2019 14:05,938,30/06/2019
FALSE,30/06/2019 14:47,30/06/2019 13:42,967,30/06/2019
FALSE,04/07/2019 12:02,04/07/2019 11:52,812,04/07/2019
FALSE,04/07/2019 13:53,04/07/2019 13:43,812,04/07/2019
FALSE,04/07/2019 16:59,04/07/2019 16:44,812,04/07/2019
FALSE,07/07/2019 14:10,07/07/2019 13:30,832,07/07/2019
FALSE,07/07/2019 14:10,07/07/2019 13:30,828,07/07/2019
FALSE,07/07/2019 21:39,07/07/2019 20:54,837,07/07/2019
FALSE,09/07/2019 21:25,09/07/2019 20:15,837,09/07/2019
FALSE,09/07/2019 21:20,09/07/2019 20:10,828,09/07/2019
FALSE,16/07/2019 20:08,16/07/2019 19:58,845,16/07/2019
FALSE,17/07/2019 14:00,17/07/2019 13:45,967,17/07/2019
FALSE,17/07/2019 18:54,17/07/2019 17:44,828,17/07/2019
FALSE,17/07/2019 18:54,17/07/2019 17:44,840,17/07/2019
FALSE,21/07/2019 18:46,21/07/2019 17:56,837,21/07/2019
FALSE,21/07/2019 19:16,21/07/2019 17:56,832,21/07/2019
FALSE,22/07/2019 21:32,22/07/2019 20:32,924,22/07/2019
FALSE,23/07/2019 11:49,23/07/2019 11:39,815,23/07/2019
FALSE,23/07/2019 18:54,23/07/2019 18:49,921,23/07/2019
FALSE,23/07/2019 19:50,23/07/2019 19:25,815,23/07/2019
FALSE,22/07/2019 19:55,22/07/2019 18:50,924,22/07/2019
FALSE,22/07/2019 19:55,22/07/2019 18:50,806,22/07/2019
FALSE,29/07/2019 20:47,29/07/2019 19:47,837,29/07/2019
FALSE,30/07/2019 0:02,29/07/2019 23:17,924,29/07/2019
FALSE,31/07/2019 13:02,31/07/2019 11:27,815,31/07/2019
FALSE,31/07/2019 13:02,31/07/2019 11:27,806,31/07/2019
TRUE,31/07/2019 20:31,31/07/2019 19:41,967,31/07/2019
TRUE,31/07/2019 20:31,31/07/2019 19:41,804,31/07/2019
TRUE,31/07/2019 21:21,31/07/2019 20:31,967,31/07/2019
TRUE,31/07/2019 21:16,31/07/2019 20:31,804,31/07/2019
FALSE,31/07/2019 21:50,31/07/2019 20:40,840,31/07/2019
FALSE,31/07/2019 21:41,31/07/2019 20:31,845,31/07/2019
FALSE,01/08/2019 9:30,01/08/2019 7:45,924,01/08/2019
FALSE,01/08/2019 9:30,01/08/2019 7:45,815,01/08/2019
FALSE,01/08/2019 9:32,01/08/2019 7:47,828,01/08/2019
FALSE,01/08/2019 9:32,01/08/2019 7:47,840,01/08/2019
FALSE,31/07/2019 18:40,31/07/2019 18:00,840,31/07/2019
FALSE,31/07/2019 18:40,31/07/2019 18:00,845,31/07/2019
TRUE,02/08/2019 11:00,02/08/2019 10:00,921,02/08/2019
TRUE,02/08/2019 11:00,02/08/2019 10:00,832,02/08/2019
FALSE,04/08/2019 18:21,04/08/2019 17:36,837,04/08/2019
FALSE,07/08/2019 15:58,07/08/2019 14:43,840,07/08/2019
FALSE,19/08/2019 18:47,19/08/2019 18:32,961,19/08/2019
FALSE,18/06/2019 15:30,18/06/2019 15:15,924,18/06/2019
FALSE,18/06/2019 15:39,18/06/2019 14:34,842,18/06/2019
FALSE,19/06/2019 15:28,19/06/2019 14:58,845,19/06/2019
FALSE,23/06/2019 13:04,23/06/2019 12:09,812,23/06/2019
FALSE,23/06/2019 13:09,23/06/2019 12:09,804,23/06/2019
FALSE,25/06/2019 18:40,25/06/2019 18:00,804,25/06/2019
FALSE,25/06/2019 18:40,25/06/2019 18:00,910,25/06/2019
FALSE,25/06/2019 18:40,25/06/2019 18:00,812,25/06/2019
FALSE,01/07/2019 11:33,01/07/2019 10:48,910,01/07/2019
FALSE,03/07/2019 13:37,03/07/2019 12:52,832,03/07/2019
FALSE,03/07/2019 13:52,03/07/2019 12:52,924,03/07/2019
FALSE,03/07/2019 14:56,03/07/2019 14:31,935,03/07/2019
FALSE,03/07/2019 18:22,03/07/2019 17:32,832,03/07/2019
FALSE,03/07/2019 18:12,03/07/2019 17:22,828,03/07/2019
FALSE,03/07/2019 18:24,03/07/2019 17:29,967,03/07/2019
FALSE,03/07/2019 18:24,03/07/2019 17:29,804,03/07/2019
FALSE,04/07/2019 12:02,04/07/2019 11:22,924,04/07/2019
FALSE,04/07/2019 12:00,04/07/2019 11:10,828,04/07/2019
FALSE,07/07/2019 10:14,07/07/2019 10:04,935,07/07/2019
FALSE,07/07/2019 11:07,07/07/2019 10:57,935,07/07/2019
FALSE,07/07/2019 21:11,07/07/2019 20:41,828,07/07/2019
FALSE,08/07/2019 11:20,08/07/2019 11:10,840,08/07/2019
FALSE,08/07/2019 15:08,08/07/2019 14:58,840,08/07/2019
FALSE,09/07/2019 19:32,09/07/2019 18:27,837,09/07/2019
FALSE,09/07/2019 19:28,09/07/2019 18:38,828,09/07/2019
FALSE,16/07/2019 19:19,16/07/2019 19:09,820,16/07/2019
FALSE,18/07/2019 11:54,18/07/2019 11:44,910,18/07/2019
FALSE,17/07/2019 23:50,17/07/2019 23:05,832,17/07/2019
FALSE,17/07/2019 23:50,17/07/2019 23:05,820,17/07/2019
FALSE,22/07/2019 17:44,22/07/2019 17:19,837,22/07/2019
FALSE,22/07/2019 17:59,22/07/2019 17:14,832,22/07/2019
FALSE,29/07/2019 21:40,29/07/2019 20:50,828,29/07/2019
FALSE,31/07/2019 11:13,31/07/2019 10:58,924,31/07/2019
FALSE,31/07/2019 12:09,31/07/2019 11:54,924,31/07/2019
FALSE,31/07/2019 18:27,31/07/2019 18:17,924,31/07/2019
FALSE,31/07/2019 18:00,31/07/2019 17:20,840,31/07/2019
FALSE,31/07/2019 18:00,31/07/2019 17:20,845,31/07/2019
FALSE,04/08/2019 12:52,04/08/2019 11:52,815,04/08/2019
FALSE,04/08/2019 12:52,04/08/2019 11:52,828,04/08/2019
FALSE,04/08/2019 17:28,04/08/2019 16:28,845,04/08/2019
FALSE,04/08/2019 17:28,04/08/2019 16:03,815,04/08/2019
FALSE,04/08/2019 17:18,04/08/2019 16:03,828,04/08/2019
FALSE,04/08/2019 17:28,04/08/2019 16:18,840,04/08/2019
FALSE,04/08/2019 20:10,04/08/2019 19:05,845,04/08/2019
FALSE,04/08/2019 20:10,04/08/2019 19:05,837,04/08/2019
TRUE,04/08/2019 20:46,04/08/2019 19:56,910,04/08/2019
TRUE,04/08/2019 22:37,04/08/2019 21:52,910,04/08/2019
TRUE,01/08/2019 21:59,01/08/2019 20:59,832,01/08/2019
TRUE,01/08/2019 21:44,01/08/2019 20:59,921,01/08/2019
TRUE,01/08/2019 19:10,01/08/2019 18:20,921,01/08/2019
TRUE,01/08/2019 19:10,01/08/2019 18:20,832,01/08/2019
TRUE,02/08/2019 12:00,02/08/2019 11:00,832,02/08/2019
TRUE,02/08/2019 12:00,02/08/2019 11:00,921,02/08/2019
FALSE,04/08/2019 18:33,04/08/2019 17:28,845,04/08/2019
FALSE,04/08/2019 21:20,04/08/2019 20:10,845,04/08/2019
FALSE,04/08/2019 21:20,04/08/2019 20:10,837,04/08/2019
FALSE,04/08/2019 22:58,04/08/2019 21:58,840,04/08/2019
FALSE,04/08/2019 23:49,04/08/2019 22:49,837,04/08/2019
FALSE,05/08/2019 14:57,05/08/2019 14:52,804,05/08/2019
FALSE,07/08/2019 11:42,07/08/2019 11:32,812,07/08/2019
FALSE,07/08/2019 20:14,07/08/2019 19:14,924,07/08/2019
FALSE,07/08/2019 20:14,07/08/2019 19:14,837,07/08/2019
FALSE,07/08/2019 20:30,07/08/2019 19:25,938,07/08/2019
FALSE,07/08/2019 20:47,07/08/2019 20:02,828,07/08/2019
TRUE,07/08/2019 20:39,07/08/2019 19:49,804,07/08/2019
TRUE,07/08/2019 21:09,07/08/2019 19:49,910,07/08/2019
FALSE,08/08/2019 12:54,08/08/2019 12:39,812,08/08/2019
FALSE,08/08/2019 16:55,08/08/2019 15:45,924,08/08/2019
FALSE,08/08/2019 16:55,08/08/2019 15:45,815,08/08/2019
FALSE,08/08/2019 17:47,08/08/2019 16:22,837,08/08/2019
FALSE,08/08/2019 17:17,08/08/2019 16:22,801,08/08/2019
TRUE,11/08/2019 18:36,11/08/2019 17:26,967,11/08/2019
TRUE,11/08/2019 18:31,11/08/2019 17:26,910,11/08/2019
TRUE,11/08/2019 21:42,11/08/2019 20:27,832,11/08/2019
TRUE,11/08/2019 20:59,11/08/2019 20:14,910,11/08/2019
TRUE,11/08/2019 19:46,11/08/2019 18:36,967,11/08/2019
TRUE,11/08/2019 21:44,11/08/2019 20:59,910,11/08/2019
FALSE,13/08/2019 12:12,13/08/2019 11:47,842,13/08/2019
TRUE,13/08/2019 22:04,13/08/2019 21:14,910,13/08/2019
TRUE,12/08/2019 21:25,12/08/2019 20:35,804,12/08/2019
TRUE,12/08/2019 21:25,12/08/2019 20:35,832,12/08/2019
TRUE,12/08/2019 17:00,12/08/2019 16:00,804,12/08/2019
TRUE,12/08/2019 17:00,12/08/2019 16:00,832,12/08/2019
FALSE,14/08/2019 13:37,14/08/2019 11:37,924,14/08/2019
FALSE,14/08/2019 11:57,14/08/2019 11:37,815,14/08/2019
FALSE,14/08/2019 14:04,14/08/2019 13:04,828,14/08/2019
FALSE,14/08/2019 20:13,14/08/2019 18:53,815,14/08/2019
FALSE,15/08/2019 12:50,15/08/2019 12:35,842,15/08/2019
FALSE,19/08/2019 9:49,19/08/2019 9:39,834,19/08/2019
TRUE,19/08/2019 20:41,19/08/2019 19:46,921,19/08/2019
TRUE,19/08/2019 20:36,19/08/2019 19:46,910,19/08/2019
FALSE,20/08/2019 23:02,20/08/2019 21:17,815,20/08/2019
FALSE,20/08/2019 23:16,20/08/2019 22:01,845,20/08/2019
TRUE,22/08/2019 20:28,22/08/2019 19:43,910,22/08/2019
TRUE,22/08/2019 20:38,22/08/2019 19:43,832,22/08/2019
TRUE,25/08/2019 18:03,25/08/2019 17:18,910,25/08/2019
TRUE,25/08/2019 18:03,25/08/2019 17:18,815,25/08/2019
FALSE,30/08/2019 9:35,30/08/2019 8:55,820,30/08/2019
TRUE,22/08/2019 21:13,22/08/2019 20:28,910,22/08/2019
TRUE,22/08/2019 21:28,22/08/2019 20:38,832,22/08/2019
FALSE,06/08/2019 11:21,06/08/2019 11:11,840,06/08/2019
FALSE,06/08/2019 13:06,06/08/2019 10:56,837,06/08/2019
FALSE,06/08/2019 13:06,06/08/2019 10:56,938,06/08/2019
FALSE,06/08/2019 13:20,06/08/2019 12:00,924,06/08/2019
FALSE,06/08/2019 13:20,06/08/2019 12:20,828,06/08/2019
FALSE,06/08/2019 15:59,06/08/2019 13:59,837,06/08/2019
FALSE,06/08/2019 15:59,06/08/2019 13:59,938,06/08/2019
TRUE,04/08/2019 23:22,04/08/2019 22:37,910,04/08/2019
FALSE,07/08/2019 12:23,07/08/2019 12:13,812,07/08/2019
TRUE,06/08/2019 19:12,06/08/2019 18:22,910,06/08/2019
TRUE,06/08/2019 19:12,06/08/2019 18:22,921,06/08/2019
TRUE,06/08/2019 21:25,06/08/2019 20:35,910,06/08/2019
TRUE,06/08/2019 21:25,06/08/2019 20:35,921,06/08/2019
FALSE,07/08/2019 13:49,07/08/2019 12:09,840,07/08/2019
FALSE,07/08/2019 13:49,07/08/2019 12:09,815,07/08/2019
FALSE,06/08/2019 16:51,06/08/2019 15:36,924,06/08/2019
FALSE,07/08/2019 17:00,07/08/2019 15:50,924,07/08/2019
FALSE,07/08/2019 17:00,07/08/2019 15:50,837,07/08/2019
FALSE,07/08/2019 18:27,07/08/2019 17:17,840,07/08/2019
FALSE,07/08/2019 18:32,07/08/2019 17:17,815,07/08/2019
FALSE,07/08/2019 17:26,07/08/2019 16:06,938,07/08/2019
FALSE,07/08/2019 17:40,07/08/2019 16:35,828,07/08/2019
TRUE,07/08/2019 18:15,07/08/2019 17:20,804,07/08/2019
TRUE,07/08/2019 18:15,07/08/2019 17:20,910,07/08/2019
FALSE,07/08/2019 21:19,07/08/2019 20:04,840,07/08/2019
FALSE,07/08/2019 21:19,07/08/2019 20:04,815,07/08/2019
FALSE,07/08/2019 18:05,07/08/2019 17:00,837,07/08/2019
FALSE,07/08/2019 18:05,07/08/2019 17:00,924,07/08/2019
FALSE,07/08/2019 21:04,07/08/2019 20:14,924,07/08/2019
FALSE,07/08/2019 21:04,07/08/2019 20:14,837,07/08/2019
FALSE,07/08/2019 18:46,07/08/2019 17:26,938,07/08/2019
FALSE,07/08/2019 18:46,07/08/2019 17:41,828,07/08/2019
FALSE,07/08/2019 21:32,07/08/2019 20:47,828,07/08/2019
FALSE,07/08/2019 21:30,07/08/2019 20:30,938,07/08/2019
FALSE,08/08/2019 9:40,08/08/2019 9:30,801,08/08/2019
FALSE,08/08/2019 18:46,08/08/2019 17:26,924,08/08/2019
FALSE,08/08/2019 18:46,08/08/2019 17:26,938,08/08/2019
TRUE,08/08/2019 18:20,08/08/2019 17:35,832,08/08/2019
TRUE,08/08/2019 18:20,08/08/2019 17:35,910,08/08/2019
TRUE,08/08/2019 20:31,08/08/2019 19:46,832,08/08/2019
TRUE,08/08/2019 20:30,08/08/2019 19:45,910,08/08/2019
TRUE,09/08/2019 11:19,09/08/2019 10:24,832,09/08/2019
TRUE,09/08/2019 11:19,09/08/2019 10:24,910,09/08/2019
TRUE,07/08/2019 19:05,07/08/2019 18:15,910,07/08/2019
TRUE,07/08/2019 19:05,07/08/2019 18:15,804,07/08/2019
TRUE,07/08/2019 21:29,07/08/2019 20:39,804,07/08/2019
TRUE,09/08/2019 12:09,09/08/2019 11:19,910,09/08/2019
TRUE,09/08/2019 12:09,09/08/2019 11:19,832,09/08/2019
FALSE,12/08/2019 13:42,12/08/2019 12:57,815,12/08/2019
FALSE,12/08/2019 13:33,12/08/2019 12:48,924,12/08/2019
TRUE,12/08/2019 20:35,12/08/2019 19:45,832,12/08/2019
TRUE,12/08/2019 20:35,12/08/2019 19:45,804,12/08/2019
FALSE,13/08/2019 11:04,13/08/2019 10:44,842,13/08/2019
TRUE,13/08/2019 18:10,13/08/2019 17:10,910,13/08/2019
TRUE,12/08/2019 17:55,12/08/2019 17:00,804,12/08/2019
TRUE,12/08/2019 17:55,12/08/2019 17:00,832,12/08/2019
FALSE,12/08/2019 18:42,12/08/2019 17:57,815,12/08/2019
FALSE,12/08/2019 21:25,12/08/2019 20:25,938,12/08/2019
FALSE,12/08/2019 21:25,12/08/2019 20:25,815,12/08/2019
FALSE,14/08/2019 15:28,14/08/2019 14:18,938,14/08/2019
FALSE,14/08/2019 16:13,14/08/2019 14:48,924,14/08/2019
FALSE,14/08/2019 18:22,14/08/2019 18:07,961,14/08/2019
TRUE,14/08/2019 18:14,14/08/2019 17:19,967,14/08/2019
TRUE,14/08/2019 18:14,14/08/2019 17:19,804,14/08/2019
TRUE,14/08/2019 20:26,14/08/2019 19:41,804,14/08/2019
TRUE,14/08/2019 20:41,14/08/2019 19:41,967,14/08/2019
FALSE,14/08/2019 21:33,14/08/2019 20:13,815,14/08/2019
FALSE,14/08/2019 22:56,14/08/2019 22:11,815,14/08/2019
TRUE,14/08/2019 21:12,14/08/2019 20:27,804,14/08/2019
TRUE,14/08/2019 21:32,14/08/2019 20:42,967,14/08/2019
FALSE,15/08/2019 10:28,15/08/2019 10:18,837,15/08/2019
FALSE,15/08/2019 11:18,15/08/2019 11:08,842,15/08/2019
FALSE,15/08/2019 11:42,15/08/2019 11:27,834,15/08/2019
FALSE,15/08/2019 11:48,15/08/2019 11:38,837,15/08/2019
FALSE,15/08/2019 12:40,15/08/2019 12:30,837,15/08/2019
FALSE,15/08/2019 13:24,15/08/2019 13:14,837,15/08/2019
FALSE,15/08/2019 15:44,15/08/2019 15:34,842,15/08/2019
FALSE,15/08/2019 16:54,15/08/2019 16:44,837,15/08/2019
FALSE,18/08/2019 8:34,18/08/2019 8:24,842,18/08/2019
TRUE,15/08/2019 19:03,15/08/2019 18:08,967,15/08/2019
TRUE,15/08/2019 21:15,15/08/2019 20:25,921,15/08/2019
FALSE,19/08/2019 23:10,19/08/2019 22:05,840,19/08/2019
FALSE,19/08/2019 23:00,19/08/2019 22:00,840,19/08/2019
FALSE,19/08/2019 23:05,19/08/2019 22:05,812,19/08/2019
TRUE,20/08/2019 19:34,20/08/2019 18:34,804,20/08/2019
TRUE,20/08/2019 19:59,20/08/2019 18:34,832,20/08/2019
FALSE,19/08/2019 18:40,19/08/2019 17:50,840,19/08/2019
FALSE,19/08/2019 18:39,19/08/2019 17:39,812,19/08/2019
TRUE,19/08/2019 18:52,19/08/2019 18:07,921,19/08/2019
TRUE,19/08/2019 18:51,19/08/2019 18:06,910,19/08/2019
FALSE,20/08/2019 21:23,20/08/2019 20:38,961,20/08/2019
TRUE,21/08/2019 20:28,21/08/2019 19:38,804,21/08/2019
TRUE,21/08/2019 20:28,21/08/2019 19:38,967,21/08/2019
FALSE,22/08/2019 13:57,22/08/2019 12:07,834,22/08/2019
FALSE,22/08/2019 13:57,22/08/2019 12:07,828,22/08/2019
FALSE,22/08/2019 13:57,22/08/2019 12:07,961,22/08/2019
TRUE,26/08/2019 19:15,26/08/2019 18:30,910,26/08/2019
TRUE,26/08/2019 19:15,26/08/2019 18:30,815,26/08/2019
TRUE,29/08/2019 21:09,29/08/2019 20:54,967,29/08/2019
TRUE,21/08/2019 21:19,21/08/2019 20:29,804,21/08/2019
TRUE,21/08/2019 21:19,21/08/2019 20:29,967,21/08/2019
TRUE,21/08/2019 18:56,21/08/2019 17:56,967,21/08/2019
TRUE,21/08/2019 18:56,21/08/2019 17:56,804,21/08/2019
TRUE,22/08/2019 19:09,22/08/2019 18:19,910,22/08/2019
FALSE,04/08/2019 21:35,04/08/2019 20:25,815,04/08/2019
FALSE,04/08/2019 21:35,04/08/2019 20:25,828,04/08/2019
FALSE,06/08/2019 12:48,06/08/2019 12:28,812,06/08/2019
FALSE,04/08/2019 18:33,04/08/2019 17:18,828,04/08/2019
FALSE,06/08/2019 15:36,06/08/2019 14:21,924,06/08/2019
FALSE,06/08/2019 15:46,06/08/2019 15:11,815,06/08/2019
TRUE,06/08/2019 18:22,06/08/2019 17:22,921,06/08/2019
TRUE,06/08/2019 18:22,06/08/2019 17:22,910,06/08/2019
FALSE,08/08/2019 9:00,08/08/2019 8:30,801,08/08/2019
TRUE,13/08/2019 19:00,13/08/2019 18:10,910,13/08/2019
FALSE,14/08/2019 17:45,14/08/2019 16:55,840,14/08/2019
FALSE,14/08/2019 18:30,14/08/2019 17:45,840,14/08/2019
FALSE,14/08/2019 19:35,14/08/2019 19:30,840,14/08/2019
TRUE,14/08/2019 19:04,14/08/2019 18:14,967,14/08/2019
TRUE,14/08/2019 19:04,14/08/2019 18:14,804,14/08/2019
FALSE,15/08/2019 10:30,15/08/2019 10:15,842,15/08/2019
FALSE,20/08/2019 21:17,20/08/2019 19:47,845,20/08/2019
FALSE,20/08/2019 21:02,20/08/2019 19:47,820,20/08/2019
FALSE,26/08/2019 13:40,26/08/2019 13:10,834,26/08/2019
FALSE,29/08/2019 0:34,28/08/2019 23:29,812,28/08/2019
TRUE,29/08/2019 18:21,29/08/2019 17:51,967,29/08/2019
TRUE,29/08/2019 18:21,29/08/2019 17:51,815,29/08/2019
FALSE,29/08/2019 19:45,29/08/2019 18:40,961,29/08/2019
FALSE,29/08/2019 19:15,29/08/2019 18:40,820,29/08/2019
FALSE,30/08/2019 19:19,30/08/2019 19:09,910,30/08/2019
FALSE,17/06/2019 15:57,17/06/2019 15:12,832,17/06/2019
FALSE,17/06/2019 15:52,17/06/2019 15:07,820,17/06/2019
TRUE,02/06/2019 19:29,02/06/2019 18:29,837,02/06/2019
FALSE,03/06/2019 14:41,03/06/2019 14:36,812,03/06/2019
FALSE,03/06/2019 19:24,03/06/2019 18:14,921,03/06/2019
FALSE,07/06/2019 15:48,07/06/2019 15:38,812,07/06/2019
FALSE,10/06/2019 12:30,10/06/2019 12:20,812,10/06/2019
FALSE,12/06/2019 14:34,12/06/2019 14:24,924,12/06/2019
FALSE,13/06/2019 10:24,13/06/2019 9:39,820,13/06/2019
FALSE,16/06/2019 18:18,16/06/2019 17:33,828,16/06/2019
FALSE,17/06/2019 11:00,17/06/2019 10:30,832,17/06/2019
FALSE,19/06/2019 12:21,19/06/2019 11:16,924,19/06/2019
FALSE,19/06/2019 12:18,19/06/2019 12:08,956,19/06/2019
FALSE,23/06/2019 16:39,23/06/2019 15:49,828,23/06/2019
FALSE,23/06/2019 16:39,23/06/2019 15:49,804,23/06/2019
FALSE,23/06/2019 16:39,23/06/2019 15:49,812,23/06/2019
FALSE,24/06/2019 21:47,24/06/2019 20:42,832,24/06/2019
FALSE,01/07/2019 20:56,01/07/2019 19:36,828,01/07/2019
FALSE,01/07/2019 21:36,01/07/2019 20:51,910,01/07/2019
FALSE,01/07/2019 21:32,01/07/2019 20:42,924,01/07/2019
FALSE,30/06/2019 12:20,30/06/2019 11:45,845,30/06/2019
FALSE,30/06/2019 12:20,30/06/2019 11:45,924,30/06/2019
FALSE,03/07/2019 19:03,03/07/2019 18:38,837,03/07/2019
FALSE,03/07/2019 20:30,03/07/2019 19:30,832,03/07/2019
FALSE,03/07/2019 20:30,03/07/2019 19:30,828,03/07/2019
FALSE,03/07/2019 20:32,03/07/2019 19:42,924,03/07/2019
FALSE,30/06/2019 14:26,30/06/2019 13:46,924,30/06/2019
FALSE,30/06/2019 14:26,30/06/2019 13:46,845,30/06/2019
FALSE,30/06/2019 15:10,30/06/2019 14:30,845,30/06/2019
FALSE,30/06/2019 15:10,30/06/2019 14:30,924,30/06/2019
FALSE,04/07/2019 9:55,04/07/2019 9:45,812,04/07/2019
FALSE,04/07/2019 11:12,04/07/2019 11:02,812,04/07/2019
FALSE,07/07/2019 16:28,07/07/2019 15:33,832,07/07/2019
FALSE,07/07/2019 16:28,07/07/2019 15:33,828,07/07/2019
FALSE,07/07/2019 21:27,07/07/2019 20:42,820,07/07/2019
FALSE,07/07/2019 21:27,07/07/2019 20:42,967,07/07/2019
FALSE,08/07/2019 11:56,08/07/2019 11:01,910,08/07/2019
FALSE,08/07/2019 11:56,08/07/2019 11:01,956,08/07/2019
FALSE,08/07/2019 18:45,08/07/2019 17:25,910,08/07/2019
FALSE,08/07/2019 18:45,08/07/2019 17:25,845,08/07/2019
FALSE,09/07/2019 14:14,09/07/2019 13:34,828,09/07/2019
FALSE,09/07/2019 19:12,09/07/2019 17:47,832,09/07/2019
FALSE,09/07/2019 19:13,09/07/2019 17:48,840,09/07/2019
FALSE,09/07/2019 19:12,09/07/2019 17:47,938,09/07/2019
FALSE,09/07/2019 19:12,09/07/2019 17:47,804,09/07/2019
FALSE,09/07/2019 21:41,09/07/2019 21:11,938,09/07/2019
FALSE,09/07/2019 21:41,09/07/2019 21:11,840,09/07/2019
FALSE,16/07/2019 14:15,16/07/2019 14:05,820,16/07/2019
FALSE,16/07/2019 14:22,16/07/2019 13:17,910,16/07/2019
FALSE,16/07/2019 17:01,16/07/2019 15:26,828,16/07/2019
FALSE,16/07/2019 17:01,16/07/2019 15:26,832,16/07/2019
FALSE,16/07/2019 16:20,16/07/2019 16:10,820,16/07/2019
FALSE,17/07/2019 8:53,17/07/2019 8:43,820,17/07/2019
FALSE,17/07/2019 10:58,17/07/2019 10:48,812,17/07/2019
FALSE,16/07/2019 15:05,16/07/2019 14:15,935,16/07/2019
FALSE,17/07/2019 17:44,17/07/2019 16:34,828,17/07/2019
FALSE,17/07/2019 17:44,17/07/2019 16:34,840,17/07/2019
FALSE,17/07/2019 20:36,17/07/2019 19:36,828,17/07/2019
FALSE,17/07/2019 20:36,17/07/2019 19:36,840,17/07/2019
FALSE,17/07/2019 18:32,17/07/2019 17:17,935,17/07/2019
FALSE,17/07/2019 18:32,17/07/2019 17:17,837,17/07/2019
FALSE,17/07/2019 21:34,17/07/2019 20:24,837,17/07/2019
FALSE,17/07/2019 21:34,17/07/2019 20:24,935,17/07/2019
FALSE,18/07/2019 10:25,18/07/2019 9:10,840,18/07/2019
FALSE,18/07/2019 10:15,18/07/2019 9:00,935,18/07/2019
FALSE,18/07/2019 10:59,18/07/2019 9:44,938,18/07/2019
FALSE,18/07/2019 10:15,18/07/2019 9:00,828,18/07/2019
FALSE,18/07/2019 11:43,18/07/2019 10:43,840,18/07/2019
FALSE,18/07/2019 11:43,18/07/2019 10:43,935,18/07/2019
FALSE,18/07/2019 11:41,18/07/2019 10:41,828,18/07/2019
FALSE,21/07/2019 15:05,21/07/2019 14:55,815,21/07/2019
FALSE,17/07/2019 18:46,17/07/2019 18:01,820,17/07/2019
FALSE,17/07/2019 18:57,17/07/2019 18:12,842,17/07/2019
FALSE,17/07/2019 19:45,17/07/2019 19:00,842,17/07/2019
FALSE,17/07/2019 19:45,17/07/2019 19:00,820,17/07/2019
FALSE,22/07/2019 20:18,22/07/2019 19:33,842,22/07/2019
FALSE,22/07/2019 21:41,22/07/2019 20:56,924,22/07/2019
FALSE,22/07/2019 21:41,22/07/2019 20:56,806,22/07/2019
FALSE,22/07/2019 18:44,22/07/2019 17:59,832,22/07/2019
FALSE,22/07/2019 18:52,22/07/2019 18:07,842,22/07/2019
FALSE,23/07/2019 13:07,23/07/2019 12:57,815,23/07/2019
FALSE,23/07/2019 14:10,23/07/2019 14:00,921,23/07/2019
FALSE,23/07/2019 15:54,23/07/2019 15:44,921,23/07/2019
FALSE,24/07/2019 17:57,24/07/2019 17:12,806,24/07/2019
FALSE,24/07/2019 18:42,24/07/2019 17:57,806,24/07/2019
FALSE,25/07/2019 15:45,25/07/2019 15:40,840,25/07/2019
FALSE,25/07/2019 17:09,25/07/2019 16:59,828,25/07/2019
FALSE,29/07/2019 18:36,29/07/2019 17:46,837,29/07/2019
FALSE,29/07/2019 23:56,29/07/2019 22:21,828,29/07/2019
FALSE,30/07/2019 0:01,29/07/2019 22:21,842,29/07/2019
TRUE,29/07/2019 18:31,29/07/2019 17:41,910,29/07/2019
TRUE,29/07/2019 18:31,29/07/2019 17:41,832,29/07/2019
FALSE,31/07/2019 21:32,31/07/2019 19:47,837,31/07/2019
FALSE,31/07/2019 20:47,31/07/2019 19:47,806,31/07/2019
FALSE,31/07/2019 20:31,31/07/2019 19:16,845,31/07/2019
FALSE,31/07/2019 20:40,31/07/2019 19:25,840,31/07/2019
TRUE,01/08/2019 21:05,01/08/2019 20:05,921,01/08/2019
TRUE,01/08/2019 20:59,01/08/2019 19:59,832,01/08/2019
FALSE,02/06/2019 13:47,02/06/2019 13:02,842,02/06/2019
FALSE,03/06/2019 11:30,03/06/2019 10:20,910,03/06/2019
FALSE,03/06/2019 11:29,03/06/2019 10:14,832,03/06/2019
FALSE,03/06/2019 11:44,03/06/2019 10:29,845,03/06/2019
FALSE,03/06/2019 11:44,03/06/2019 10:29,840,03/06/2019
FALSE,03/06/2019 14:49,03/06/2019 14:39,924,03/06/2019
FALSE,11/06/2019 10:23,11/06/2019 10:03,812,11/06/2019
FALSE,02/06/2019 16:31,02/06/2019 15:46,842,02/06/2019
FALSE,12/06/2019 20:10,12/06/2019 18:40,921,12/06/2019
FALSE,12/06/2019 19:40,12/06/2019 18:40,840,12/06/2019
FALSE,12/06/2019 20:25,12/06/2019 19:05,832,12/06/2019
FALSE,13/06/2019 9:39,13/06/2019 8:54,820,13/06/2019
FALSE,16/06/2019 13:59,16/06/2019 13:29,828,16/06/2019
FALSE,16/06/2019 21:54,16/06/2019 21:09,921,16/06/2019
FALSE,17/06/2019 14:33,17/06/2019 13:38,832,17/06/2019
FALSE,17/06/2019 14:32,17/06/2019 13:32,820,17/06/2019
FALSE,18/06/2019 20:35,18/06/2019 20:05,828,18/06/2019
FALSE,19/06/2019 9:21,19/06/2019 9:11,924,19/06/2019
FALSE,23/06/2019 13:54,23/06/2019 13:04,812,23/06/2019
FALSE,23/06/2019 14:09,23/06/2019 13:09,804,23/06/2019
FALSE,24/06/2019 15:12,24/06/2019 14:27,840,24/06/2019
FALSE,24/06/2019 15:12,24/06/2019 14:27,967,24/06/2019
FALSE,01/07/2019 20:39,01/07/2019 19:49,832,01/07/2019
FALSE,01/07/2019 20:39,01/07/2019 19:49,820,01/07/2019
FALSE,01/07/2019 21:30,01/07/2019 20:40,832,01/07/2019
FALSE,01/07/2019 21:30,01/07/2019 20:40,820,01/07/2019
FALSE,01/07/2019 19:14,01/07/2019 18:24,924,01/07/2019
FALSE,01/07/2019 19:14,01/07/2019 18:24,910,01/07/2019
FALSE,01/07/2019 21:30,01/07/2019 20:40,840,01/07/2019
FALSE,03/07/2019 14:09,03/07/2019 12:49,910,03/07/2019
FALSE,03/07/2019 14:09,03/07/2019 12:49,828,03/07/2019
FALSE,03/07/2019 16:32,03/07/2019 15:07,832,03/07/2019
FALSE,03/07/2019 16:32,03/07/2019 15:07,828,03/07/2019
FALSE,03/07/2019 21:41,03/07/2019 21:21,820,03/07/2019
FALSE,04/07/2019 9:44,04/07/2019 9:04,924,04/07/2019
FALSE,04/07/2019 9:44,04/07/2019 9:04,828,04/07/2019
FALSE,04/07/2019 11:47,04/07/2019 11:37,840,04/07/2019
FALSE,07/07/2019 10:35,07/07/2019 10:25,812,07/07/2019
FALSE,07/07/2019 18:49,07/07/2019 18:04,832,07/07/2019
FALSE,07/07/2019 18:49,07/07/2019 18:04,828,07/07/2019
FALSE,07/07/2019 21:41,07/07/2019 21:11,828,07/07/2019
FALSE,07/07/2019 19:34,07/07/2019 18:49,832,07/07/2019
FALSE,07/07/2019 19:34,07/07/2019 18:49,828,07/07/2019
FALSE,07/07/2019 19:15,07/07/2019 18:25,820,07/07/2019
FALSE,07/07/2019 19:15,07/07/2019 18:25,967,07/07/2019
FALSE,07/07/2019 21:52,07/07/2019 21:12,832,07/07/2019
FALSE,07/07/2019 19:20,07/07/2019 18:30,845,07/07/2019
FALSE,07/07/2019 19:39,07/07/2019 18:54,837,07/07/2019
FALSE,08/07/2019 20:34,08/07/2019 19:29,956,08/07/2019
FALSE,08/07/2019 20:34,08/07/2019 19:29,935,08/07/2019
FALSE,07/07/2019 14:44,07/07/2019 14:04,910,08/07/2019
FALSE,09/07/2019 17:47,09/07/2019 16:27,804,09/07/2019
FALSE,09/07/2019 17:47,09/07/2019 16:27,832,09/07/2019
FALSE,09/07/2019 17:47,09/07/2019 16:27,938,09/07/2019
FALSE,09/07/2019 17:47,09/07/2019 16:27,840,09/07/2019
FALSE,16/07/2019 14:14,16/07/2019 13:14,935,16/07/2019
FALSE,16/07/2019 16:58,16/07/2019 15:58,935,16/07/2019
FALSE,16/07/2019 16:59,16/07/2019 16:04,967,16/07/2019
FALSE,17/07/2019 8:04,17/07/2019 7:54,820,17/07/2019
FALSE,17/07/2019 14:30,17/07/2019 13:50,828,17/07/2019
FALSE,17/07/2019 14:30,17/07/2019 13:50,840,17/07/2019
FALSE,17/07/2019 14:29,17/07/2019 14:19,837,17/07/2019
FALSE,17/07/2019 12:32,17/07/2019 11:47,935,17/07/2019
FALSE,17/07/2019 12:32,17/07/2019 11:47,967,17/07/2019
FALSE,17/07/2019 22:10,17/07/2019 21:30,804,17/07/2019
FALSE,17/07/2019 23:05,17/07/2019 22:20,820,17/07/2019
FALSE,17/07/2019 23:05,17/07/2019 22:20,832,17/07/2019
FALSE,18/07/2019 14:04,18/07/2019 13:54,815,18/07/2019
FALSE,21/07/2019 14:52,21/07/2019 13:42,828,21/07/2019
FALSE,21/07/2019 13:59,21/07/2019 13:09,845,21/07/2019
FALSE,21/07/2019 16:42,21/07/2019 16:27,815,21/07/2019
FALSE,21/07/2019 17:08,21/07/2019 16:23,837,21/07/2019
FALSE,21/07/2019 17:13,21/07/2019 16:23,832,21/07/2019
FALSE,22/07/2019 10:51,22/07/2019 10:36,815,22/07/2019
FALSE,22/07/2019 18:07,22/07/2019 17:22,842,22/07/2019
FALSE,22/07/2019 18:18,22/07/2019 17:58,921,22/07/2019
FALSE,22/07/2019 19:45,22/07/2019 18:45,910,22/07/2019
FALSE,22/07/2019 18:50,22/07/2019 17:45,924,22/07/2019
FALSE,22/07/2019 18:50,22/07/2019 17:45,806,22/07/2019
FALSE,22/07/2019 19:01,22/07/2019 18:11,804,22/07/2019
FALSE,02/06/2019 15:46,02/06/2019 15:06,842,02/06/2019
FALSE,23/07/2019 19:27,23/07/2019 19:22,828,23/07/2019
FALSE,23/07/2019 20:06,23/07/2019 19:56,828,23/07/2019
FALSE,24/07/2019 10:20,24/07/2019 10:05,938,24/07/2019
FALSE,24/07/2019 11:29,24/07/2019 11:19,820,24/07/2019
FALSE,25/07/2019 10:56,25/07/2019 10:46,840,25/07/2019
FALSE,28/07/2019 12:29,28/07/2019 11:14,910,28/07/2019
FALSE,28/07/2019 18:16,28/07/2019 17:06,921,28/07/2019
TRUE,29/07/2019 17:41,29/07/2019 16:46,910,29/07/2019
TRUE,29/07/2019 17:41,29/07/2019 16:46,832,29/07/2019
FALSE,28/07/2019 13:44,28/07/2019 12:29,910,28/07/2019
FALSE,29/07/2019 19:21,29/07/2019 18:36,837,29/07/2019
TRUE,29/07/2019 23:33,29/07/2019 22:48,910,29/07/2019
TRUE,29/07/2019 23:34,29/07/2019 22:44,832,29/07/2019
FALSE,03/06/2019 13:30,03/06/2019 12:15,832,03/06/2019
FALSE,03/06/2019 16:07,03/06/2019 15:52,924,03/06/2019
FALSE,03/06/2019 18:05,03/06/2019 17:05,845,03/06/2019
FALSE,06/06/2019 15:02,06/06/2019 14:42,812,06/06/2019
FALSE,03/06/2019 12:59,03/06/2019 11:44,845,03/06/2019
FALSE,03/06/2019 12:59,03/06/2019 11:44,840,03/06/2019
FALSE,10/06/2019 21:58,10/06/2019 20:58,837,10/06/2019
FALSE,12/06/2019 9:35,12/06/2019 9:25,924,12/06/2019
FALSE,10/06/2019 13:40,10/06/2019 12:30,812,10/06/2019
FALSE,12/06/2019 12:30,12/06/2019 12:20,924,12/06/2019
FALSE,12/06/2019 17:38,12/06/2019 16:33,832,12/06/2019
FALSE,12/06/2019 17:38,12/06/2019 16:33,828,12/06/2019
FALSE,12/06/2019 21:41,12/06/2019 20:11,921,12/06/2019
FALSE,12/06/2019 20:30,12/06/2019 19:40,840,12/06/2019
FALSE,13/06/2019 10:30,13/06/2019 9:30,956,13/06/2019
FALSE,13/06/2019 11:24,13/06/2019 10:34,820,13/06/2019
FALSE,13/06/2019 11:47,13/06/2019 11:02,921,13/06/2019
FALSE,13/06/2019 12:17,13/06/2019 11:02,840,13/06/2019
FALSE,16/06/2019 16:15,16/06/2019 15:35,828,16/06/2019
FALSE,16/06/2019 19:03,16/06/2019 18:18,828,16/06/2019
FALSE,16/06/2019 22:21,16/06/2019 21:36,921,16/06/2019
FALSE,17/06/2019 11:12,17/06/2019 10:22,820,17/06/2019
FALSE,17/06/2019 11:30,17/06/2019 11:00,832,17/06/2019
FALSE,17/06/2019 12:31,17/06/2019 11:46,820,17/06/2019
FALSE,17/06/2019 19:32,17/06/2019 18:47,832,17/06/2019
FALSE,17/06/2019 16:42,17/06/2019 15:57,832,17/06/2019
FALSE,17/06/2019 16:42,17/06/2019 15:52,820,17/06/2019
FALSE,17/06/2019 21:04,17/06/2019 20:14,832,17/06/2019
FALSE,17/06/2019 21:49,17/06/2019 21:04,832,17/06/2019
FALSE,18/06/2019 14:27,18/06/2019 14:17,924,18/06/2019
FALSE,18/06/2019 15:34,18/06/2019 15:24,845,18/06/2019
FALSE,18/06/2019 15:16,18/06/2019 14:31,812,18/06/2019
FALSE,03/06/2019 14:44,03/06/2019 13:49,845,03/06/2019
FALSE,03/06/2019 14:44,03/06/2019 13:49,840,03/06/2019
FALSE,18/06/2019 16:01,18/06/2019 15:16,812,18/06/2019
FALSE,18/06/2019 12:43,18/06/2019 11:43,812,18/06/2019
FALSE,18/06/2019 18:22,18/06/2019 18:12,924,18/06/2019
FALSE,18/06/2019 19:48,18/06/2019 19:38,924,18/06/2019
FALSE,18/06/2019 21:17,18/06/2019 20:42,828,18/06/2019
FALSE,18/06/2019 17:10,18/06/2019 17:00,924,18/06/2019
FALSE,18/06/2019 17:40,18/06/2019 17:30,924,18/06/2019
FALSE,19/06/2019 14:12,19/06/2019 13:22,845,19/06/2019
FALSE,19/06/2019 16:50,19/06/2019 15:30,845,19/06/2019
FALSE,19/06/2019 18:21,19/06/2019 17:26,832,19/06/2019
FALSE,19/06/2019 18:21,19/06/2019 17:26,828,19/06/2019
FALSE,19/06/2019 21:11,19/06/2019 20:11,967,19/06/2019
FALSE,19/06/2019 21:44,19/06/2019 20:44,804,19/06/2019
FALSE,19/06/2019 22:17,19/06/2019 21:12,967,19/06/2019
FALSE,19/06/2019 22:39,19/06/2019 21:44,804,19/06/2019
FALSE,23/06/2019 13:09,23/06/2019 12:59,832,23/06/2019
FALSE,23/06/2019 13:49,23/06/2019 12:59,828,23/06/2019
FALSE,24/06/2019 20:23,24/06/2019 19:13,804,24/06/2019
FALSE,27/06/2019 19:20,27/06/2019 18:05,832,27/06/2019
FALSE,27/06/2019 19:10,27/06/2019 18:00,910,27/06/2019
FALSE,27/06/2019 19:10,27/06/2019 18:20,812,27/06/2019
FALSE,01/07/2019 23:46,01/07/2019 23:01,910,01/07/2019
FALSE,01/07/2019 16:17,01/07/2019 15:57,828,01/07/2019
FALSE,01/07/2019 16:09,01/07/2019 15:49,832,01/07/2019
FALSE,02/07/2019 11:04,02/07/2019 10:54,812,02/07/2019
FALSE,04/07/2019 13:39,04/07/2019 13:29,840,04/07/2019
FALSE,08/07/2019 21:44,08/07/2019 20:34,935,08/07/2019
FALSE,08/07/2019 21:44,08/07/2019 20:34,956,08/07/2019
FALSE,17/07/2019 11:47,17/07/2019 11:02,967,17/07/2019
FALSE,17/07/2019 11:47,17/07/2019 11:02,935,17/07/2019
FALSE,17/07/2019 17:17,17/07/2019 16:02,837,17/07/2019
FALSE,17/07/2019 17:17,17/07/2019 16:02,935,17/07/2019
FALSE,18/07/2019 10:59,18/07/2019 10:49,910,18/07/2019
FALSE,21/07/2019 14:49,21/07/2019 13:59,845,21/07/2019
FALSE,22/07/2019 12:46,22/07/2019 12:31,815,22/07/2019
FALSE,22/07/2019 18:11,22/07/2019 17:21,804,22/07/2019
FALSE,22/07/2019 20:16,22/07/2019 19:16,832,22/07/2019
FALSE,22/07/2019 20:21,22/07/2019 19:31,804,22/07/2019
